mapping_percentage	sequence_id	mapping_id
81.6281	EHI01735	DM03350
39.34372	EHI00499	DM00677
57.20715	EHI00845	DM02453
91.69869	EHI01286	DM01334
0.78363	EHI00585	DM01609
11.85929	EHI00259	DM03371
71.60424	EHI01621	DM01828
85.65434	EHI01458	DM01901
32.26685	EHI00832	DM02555
68.43148	EHI00342	DM01051
87.30896	EHI01331	DM01398
58.98194	EHI00856	DM02490
65.97863	EHI01353	DM02187
63.93568	EHI01559	DM01899
NA	NA	DM00266
0.27816	EHI02535	DM03652
82.08645	EHI01056	DM01379
69.27851	EHI00363	DM01905
17.34797	EHI00607	DM01630
70.54973	EHI00734	DM01710
44.46522	EHI01645	DM01844
81.27132	EHI01552	DM01883
80.12814	EHI01739	DM03239
37.15617	EHI00495	DM02348
NA	NA	DM00315
52.53768	EHI00851	DM02551
81.3922	EHI02024	DM03242
29.81135	EHI00954	DM02215
0.72036	EHI00598	DM01595
83.03225	EHI02235	DM03217
0.34999	EHI02340	DM03445
56.73908	EHI00831	DM02469
76.61816	EHI00986	DM00510
79.4743	EHI02496	DM03499
82.49244	EHI00925	DM01070
NA	NA	DM00237
62.37071	EHI00690	DM00606
10.88125	EHI01127	DM02935
73.32247	EHI01451	DM03752
2.71068	EHI01630	DM01819
79.28809	EHI01050	DM00973
NA	NA	DM00215
35.77063	EHI00952	DM02269
3.37472	EHI01122	DM01176
58.98194	EHI00856	DM02478
69.78058	EHI00837	DM02560
80.08251	EHI01067	DM01108
NA	NA	DM00252
48.94283	EHI00534	DM00529
1.34853	EHI01130	DM01188
51.18318	EHI00557	DM00586
9.87929	EHI00346	DM00579
6.44138	EHI02103	DM03101
85.28999	EHI01529	DM02067
41.1786	EHI01247	DM01520
70.44492	EHI00437	DM00491
86.15146	EHI01549	DM02047
46.30451	EHI01126	DM02913
81.75185	EHI00380	DM02005
85.53539	EHI01459	DM03282
21.30543	EHI01152	DM01168
22.74564	EHI00268	DM02495
81.38281	EHI01512	DM01891
30.37454	EHI00166	DM01012
1.49043	EHI01652	DM02289
50.20319	EHI02110	DM03025
73.45176	EHI00176	DM00807
57.9236	EHI01264	DM01501
87.15506	EHI01291	DM01426
1.0813	EHI00847	DM02196
16.93988	EHI01109	DM02869
86.01658	EHI01304	DM01324
3.11146	EHI01137	DM01171
76.73283	EHI01510	DM01954
64.08971	EHI00720	DM02148
76.15614	EHI00276	DM00584
61.50021	EHI01506	DM03296
64.64779	EHI01822	DM02908
86.32355	EHI02038	DM03275
2.56983	EHI01406	DM03621
79.35335	EHI02039	DM03327
88.46475	EHI01462	DM02040
79.22955	EHI01447	DM03754
68.20195	EHI00467	DM02783
32.26685	EHI00832	DM02658
68.24293	EHI02369	DM03436
82.2099	EHI00138	DM02791
2.49722	EHI01615	DM01803
44.64165	EHI00668	DM01714
9.42831	EHI01167	DM03485
2.42247	EHI01570	DM03639
75.78079	EHI00247	DM01225
69.78058	EHI00837	DM02476
59.49882	EHI00732	DM01689
56.65136	EHI00477	DM02831
66.92182	EHI02268	DM03624
75.10533	EHI02588	DM03681
76.4048	EHI00385	DM01272
7.38265	EHI01646	DM02299
NA	NA	DM00236
73.1488	EHI01974	DM02978
75.77041	EHI02002	DM03310
62.14975	EHI00731	DM01693
81.27788	EHI00850	DM02686
0.95396	EHI01095	DM02321
71.68809	EHI02229	DM03546
63.00032	EHI02469	DM03479
21.4444	EHI00024	DM00931
11.08706	EHI02046	DM03050
48.14352	EHI00082	DM00029
81.96058	EHI00410	DM01068
59.79158	EHI01246	DM01787
31.09292	EHI01700	DM02729
23.01585	EHI00924	DM02174
85.99184	EHI01460	DM03297
0.41099	EHI01372	DM01743
5.74921	EHI02495	DM03515
79.71115	EHI01510	DM02104
70.78822	EHI00180	DM00746
81.23785	EHI00541	DM02777
41.36033	EHI01241	DM01796
69.6279	EHI00363	DM02060
42.88036	EHI00078	DM00018
70.88234	EHI01522	DM03354
77.26132	EHI01069	DM01105
70.14428	EHI00112	DM00762
83.3344	EHI01468	DM03224
90.0308	EHI01332	DM01337
2.34052	EHI01097	DM00898
NA	NA	DM00371
3.4e-4	EHI00062	DM02223
52.87078	EHI01604	DM02382
73.02634	EHI01518	DM03160
21.80654	EHI00731	DM00201
NA	NA	DM00349
80.43106	EHI01463	DM02071
83.31626	EHI01080	DM01363
76.24323	EHI00528	DM01085
28.53355	EHI00818	DM02357
1.90098	EHI00084	DM00025
69.78058	EHI00837	DM02452
79.74516	EHI01074	DM01117
35.42042	EHI02341	DM03448
80.35947	EHI00377	DM03323
0.75446	EHI01220	DM01152
NA	NA	DM00277
NA	NA	DM00325
74.87907	EHI02584	DM03782
NA	NA	DM00401
65.1209	EHI01367	DM03611
73.02383	EHI02273	DM03203
60.32812	EHI01404	DM03647
61.15661	EHI00105	DM00827
67.7094	EHI01992	DM03774
NA	NA	DM00422
82.0448	EHI00092	DM02806
66.8612	EHI00698	DM01694
NA	NA	DM00217
88.87972	EHI00409	DM01245
69.42093	EHI00103	DM02766
2.79477	EHI01140	DM02947
75.72173	EHI00117	DM00830
48.2191	EHI00562	DM02615
3.05436	EHI01091	DM01173
NA	NA	DM00231
57.07864	EHI02088	DM03015
71.69524	EHI00435	DM02735
15.91372	EHI00806	DM03361
NA	NA	DM00300
75.63653	EHI00180	DM02804
26.97743	EHI00199	DM02433
88.99301	EHI01323	DM01397
72.78198	EHI00473	DM00649
74.79979	EHI02609	DM03716
0.96617	EHI02103	DM03648
85.26365	EHI00536	DM02829
82.74464	EHI00417	DM01968
31.88169	EHI00035	DM00958
67.83978	EHI01343	DM01508
83.38729	EHI01473	DM02091
46.07978	EHI02074	DM03111
37.10759	EHI01106	DM00901
84.55639	EHI00276	DM01949
80.75243	EHI02303	DM03208
82.11861	EHI02032	DM03198
2.19727	EHI01132	DM02293
NA	EHI01409	DM01460
82.58161	EHI02027	DM03254
80.42483	EHI02031	DM03237
23.38683	EHI00685	DM00187
87.27039	EHI01487	DM02027
69.78058	EHI00837	DM02663
87.27039	EHI01487	DM03306
35.48023	EHI00216	DM01252
65.23373	EHI00124	DM02756
2.69262	EHI00803	DM02523
0.76159	EHI01129	DM02323
3.41348	EHI01649	DM02931
6.99047	EHI00783	DM02363
0.02869	EHI00079	DM00086
73.42263	EHI01986	DM02971
60.02663	EHI02119	DM03130
68.66743	EHI00073	DM00782
60.57231	EHI00867	DM02369
55.27134	EHI01966	DM02951
4.21997	EHI01657	DM02311
10.16333	EHI01642	DM01853
NA	EHI01408	DM01464
64.13907	EHI00840	DM02199
83.17847	EHI01071	DM01358
30.66708	EHI00013	DM01000
79.55161	EHI00235	DM02566
6.40435	EHI00187	DM01590
68.47976	EHI00567	DM02813
81.03097	EHI01058	DM00974
63.63838	EHI00687	DM00611
42.59051	EHI01360	DM02200
78.18794	EHI00413	DM01083
4.5e-4	EHI00046	DM02259
18.42948	EHI01170	DM01759
3.18172	EHI01614	DM03669
62.54863	EHI02059	DM03049
62.49992	EHI00230	DM02685
70.58967	EHI02076	DM03006
76.29903	EHI00852	DM02492
7.87814	EHI00043	DM00162
43.52537	EHI01139	DM01149
82.31871	EHI00161	DM02080
80.70888	EHI00405	DM01043
74.43793	EHI00693	DM01669
42.62441	EHI01196	DM00853
24.2692	EHI01110	DM00879
82.31871	EHI00161	DM03244
81.01954	EHI01467	DM01934
74.44425	EHI01698	DM02634
60.59778	EHI01046	DM01355
70.11708	EHI00420	DM01867
NA	NA	DM00233
55.47964	EHI02070	DM03068
79.15353	EHI02297	DM03195
65.67369	EHI01964	DM02981
20.98221	EHI02468	DM03372
64.86714	EHI00472	DM02760
54.04119	EHI01179	DM00697
NA	NA	DM00399
60.2901	EHI01184	DM02856
NA	NA	DM00407
44.9121	EHI00614	DM02605
76.15614	EHI00276	DM01274
NA	NA	DM00374
NA	NA	DM00326
35.29806	EHI01611	DM03729
79.16361	EHI00142	DM01963
84.02593	EHI02606	DM03705
56.65097	EHI01079	DM02181
0.15522	EHI00908	DM01638
0.13764	EHI00985	DM01563
7.46018	EHI00347	DM02349
NA	NA	DM00440
41.72386	EHI00560	DM02172
NA	NA	DM00240
71.13702	EHI00616	DM00590
10.20198	EHI00039	DM00946
67.80328	EHI01271	DM02589
75.66159	EHI00464	DM02770
22.73848	EHI00330	DM01284
83.57759	EHI02636	DM03685
26.39069	EHI00675	DM00195
NA	NA	DM00376
0	EHI00047	DM02256
17.22365	EHI00927	DM00465
65.43218	EHI02083	DM03084
69.48928	EHI02005	DM03288
81.72191	EHI00411	DM02059
68.79029	EHI01985	DM02957
74.58699	EHI01990	DM02973
83.47405	EHI00117	DM02753
85.84186	EHI00677	DM00615
87.05195	EHI01454	DM03256
56.96258	EHI02092	DM03057
89.50797	EHI00133	DM02749
80.89008	EHI00365	DM02089
11.31569	EHI01802	DM02902
50.21538	EHI01444	DM01838
67.09591	EHI00242	DM01285
16.94051	EHI00500	DM01650
90.0992	EHI00371	DM03270
44.61334	EHI00606	DM00528
62.49992	EHI00230	DM02649
62.40722	EHI01256	DM02581
50.69904	EHI00168	DM00990
76.29903	EHI00852	DM02691
75.36439	EHI01278	DM01749
2.0191	EHI01192	DM02928
74.05893	EHI00451	DM00656
63.88889	EHI02106	DM03140
62.15696	EHI01389	DM02517
65.33638	EHI00939	DM00569
15.88252	EHI00694	DM00165
6.58833	EHI01107	DM02924
81.80503	EHI00491	DM01066
0.03948	EHI00077	DM00091
63.90947	EHI01202	DM03470
83.3176	EHI00483	DM02814
69.51454	EHI01143	DM00856
4.29936	EHI00155	DM02241
85.03102	EHI01330	DM01408
1.61536	EHI01191	DM00836
54.04119	EHI01179	DM00721
76.07675	EHI01472	DM03268
1.03306	EHI01133	DM01130
NA	NA	DM02112
40.01603	EHI00912	DM01049
1.0813	EHI00847	DM02167
82.54234	EHI00400	DM00508
59.68306	EHI01377	DM02115
72.31723	EHI01441	DM03683
NA	EHI01218	DM01454
15.13878	EHI00599	DM01612
NA	NA	DM00290
33.38787	EHI00695	DM00182
3.91754	EHI00923	DM01571
1.38618	EHI01405	DM03666
66.96267	EHI01441	DM01821
0.85089	EHI01131	DM02309
49.93643	EHI01598	DM02600
83.21545	EHI01081	DM01361
7.4396	EHI00597	DM01562
0	EHI00065	DM02255
36.56895	EHI00463	DM00509
0.08541	EHI00311	DM02362
0.04355	EHI00575	DM01543
32.03963	EHI00201	DM01641
0.3938	EHI00083	DM00026
0.11233	EHI00613	DM01661
74.97426	EHI00481	DM00660
75.56415	EHI00250	DM03460
75.50343	EHI00072	DM00763
77.49241	EHI00077	DM02732
16.91946	EHI02542	DM03591
78.60741	EHI02635	DM03687
54.08312	EHI02621	DM03695
8.2e-4	EHI00060	DM02237
87.19101	EHI00587	DM01625
29.23839	EHI00014	DM00989
56.73908	EHI00831	DM02668
82.88527	EHI02616	DM03713
77.24725	EHI00541	DM00678
83.6031	EHI01554	DM01884
48.94046	EHI00361	DM01038
0.01254	EHI02099	DM03000
83.20773	EHI00385	DM01948
51.87345	EHI02101	DM03023
2.37238	EHI01148	DM01133
44.47789	EHI00984	DM02214
1.06361	EHI02532	DM03641
NA	NA	DM00294
35.10178	EHI00028	DM00941
49.98385	EHI01608	DM02378
NA	NA	DM00409
46.61213	EHI01174	DM00730
2.19744	EHI00264	DM03384
8.72499	EHI00040	DM00924
74.08573	EHI02023	DM03164
39.43664	EHI01263	DM01512
77.21933	EHI01994	DM02962
57.08279	EHI02114	DM03102
75.28846	EHI01049	DM02501
80.10989	EHI01047	DM00980
10.78544	EHI02546	DM03586
20.84212	EHI00357	DM01610
1.19824	EHI02694	DM03803
57.46273	EHI01697	DM02731
3.12209	EHI02115	DM02996
80.79828	EHI01513	DM01985
3.62593	EHI02426	DM03410
9.25401	EHI01186	DM02866
2.69262	EHI00803	DM02640
87.73887	EHI01310	DM01340
32.25298	EHI00030	DM00942
2.69262	EHI00803	DM02527
7.41739	EHI00281	DM03464
58.98194	EHI00856	DM02454
52.28226	EHI00727	DM01709
76.99057	EHI02367	DM03430
72.49522	EHI00454	DM00459
84.14248	EHI01054	DM01360
11.36032	EHI00612	DM01061
79.47783	EHI01325	DM01335
2.36361	EHI01189	DM02877
0.12062	EHI01189	DM00849
0	EHI00054	DM02228
1.78254	EHI00223	DM02431
3.04815	EHI01622	DM03701
58.31722	EHI02068	DM03095
83.99486	EHI01320	DM01321
3.45585	EHI00172	DM01022
75.9208	EHI00392	DM01236
3.77008	EHI01652	DM02857
51.65602	EHI01185	DM02891
77.21669	EHI00375	DM02045
6.55791	EHI01375	DM03629
32.26685	EHI00832	DM02447
84.85883	EHI01515	DM02076
56.02271	EHI02077	DM03004
34.15208	EHI00982	DM01531
64.66759	EHI02072	DM03077
0.50411	EHI00077	DM00444
84.80197	EHI01316	DM01440
1.2873000000000001	EHI02142	DM03658
NA	NA	DM00428
80.47123	EHI00381	DM01877
9.45009	EHI02558	DM03587
89.94661	EHI00460	DM00493
33.13684	EHI00025	DM00132
71.32751	EHI00700	DM01683
89.17744	EHI01294	DM01451
16.60061	EHI02563	DM03575
3.60354	EHI01124	DM00838
0.82539	EHI01141	DM00893
63.24793	EHI02094	DM03104
19.32636	EHI02433	DM03510
8.98351	EHI02553	DM03589
56.53813	EHI01022	DM02722
56.10896	EHI02116	DM03116
0.09684	EHI00604	DM01624
70.21596	EHI01378	DM01742
0.47647	EHI01192	DM00896
0.04026	EHI00326	DM02366
83.7133	EHI01074	DM01370
43.12561	EHI00508	DM00574
19.80273	EHI00009	DM01028
74.09879	EHI00158	DM00566
66.87797	EHI01640	DM01848
86.72602	EHI01476	DM03227
NA	NA	DM00372
70.12266	EHI00081	DM02827
0.05145	EHI00664	DM02352
87.74312	EHI01331	DM01339
63.29077	EHI02073	DM03108
83.49656	EHI00181	DM02759
74.44644	EHI00743	DM01692
46.61213	EHI01174	DM00722
48.83754	EHI00838	DM02556
NA	EHI01388	DM01468
65.52355	EHI02086	DM03563
38.55773	EHI01361	DM02177
11.41055	EHI01511	DM02074
82.93461	EHI00410	DM01915
NA	NA	DM00364
0.52636	EHI00079	DM00445
55.36645	EHI02597	DM03734
12.37459	EHI01117	DM01153
22.91013	EHI01379	DM03642
79.11959	EHI01075	DM01110
83.60037	EHI02019	DM03299
16.06049	EHI01702	DM03597
52.53768	EHI00851	DM02455
NA	NA	DM00390
0.57357	EHI01151	DM01203
50.54701	EHI02082	DM03105
80.83151	EHI00685	DM00628
82.57874	EHI00404	DM03274
78.92803	EHI01056	DM00978
27.33462	EHI00475	DM01080
2.22208	EHI02591	DM03727
2.10499	EHI01221	DM01206
86.72195	EHI00627	DM01095
73.02634	EHI01518	DM02054
74.88238	EHI02618	DM03722
64.13592	EHI02102	DM03030
92.63774	EHI00533	DM00568
2.29995	EHI00660	DM01604
40.33788	EHI01620	DM01839
81.27788	EHI00850	DM02650
9.17939	EHI02534	DM03632
80.35947	EHI00377	DM02035
10.0227	EHI01394	DM02185
70.61319	EHI00375	DM00540
79.27045	EHI02126	DM03003
0.03948	EHI00077	DM00101
2.08289	EHI01194	DM01184
72.03506	EHI01530	DM02046
58.3076	EHI02079	DM03016
84.48713	EHI00095	DM02795
39.73863	EHI01172	DM00732
22.5714	EHI00696	DM00184
65.0494	EHI01361	DM02211
76.40481	EHI00385	DM00587
69.14496	EHI01063	DM01104
56.73167	EHI01391	DM02184
62.1473	EHI01253	DM01488
2.79986	EHI00147	DM02240
2.97782	EHI01626	DM03671
35.2019	EHI00932	DM02368
11.91351	EHI02473	DM03535
6.03038	EHI00234	DM03370
NA	EHI00079	DM00010
78.7762	EHI01085	DM01106
16.56723	EHI00938	DM02402
60.45328	EHI01435	DM02267
54.65583	EHI01199	DM03508
69.74098	EHI00105	DM00799
NA	NA	DM00283
23.18117	EHI00758	DM00183
87.85863	EHI01281	DM01447
NA	NA	DM00331
79.55161	EHI00235	DM02554
4.41938	EHI00802	DM02396
24.90127	EHI01207	DM03497
29.38309	EHI00008	DM01006
0.12062	EHI01189	DM01200
20.74808	EHI01449	DM01805
9.5945	EHI01147	DM00890
37.68247	EHI00367	DM00487
72.38101	EHI02044	DM03042
77.93214	EHI00406	DM01277
NA	NA	DM00253
16.98801	EHI00442	DM01616
3.05517	EHI01120	DM01165
66.29983	EHI01559	DM03228
75.29658	EHI00552	DM01241
28.46313	EHI00638	DM02710
73.46836	EHI00807	DM02419
14.37272	EHI00166	DM00137
37.58054	EHI00950	DM02377
NA	NA	DM00317
59.40762	EHI02081	DM03009
36.58353	EHI00487	DM00539
77.38965	EHI01060	DM02500
20.93478	EHI01546	DM01768
76.29903	EHI00852	DM02667
79.60834	EHI01078	DM01100
59.05429	EHI01086	DM02513
0.0734	EHI00977	DM01394
NA	EHI01371	DM01456
73.97441	EHI02640	DM03766
71.25461	EHI01963	DM02966
52.96351	EHI00735	DM02130
27.412960000000002	EHI02383	DM03424
75.74766	EHI00681	DM01682
8.80908	EHI00596	DM01588
25.53264	EHI00101	DM00824
80.23573	EHI00972	DM00498
16.56723	EHI00938	DM02404
3.42984	EHI01446	DM01827
49.99107	EHI01176	DM00718
73.02894	EHI02352	DM03461
79.42954	EHI02466	DM03396
48.76275	EHI01560	DM01783
0.09639	EHI00015	DM00944
48.53005	EHI01177	DM00709
16.56723	EHI00938	DM02643
4.54272	EHI01123	DM00894
65.42531	EHI00081	DM00783
77.44135	EHI01073	DM01354
19.64062	EHI00026	DM01020
84.18205	EHI01523	DM02015
NA	NA	DM00287
83.88457	EHI01549	DM01987
7.57008	EHI01230	DM03513
58.98194	EHI00856	DM02538
67.41447	EHI01001	DM00486
31.84475	EHI00350	DM01257
82.0997	EHI00538	DM02742
72.04776	EHI00564	DM00517
82.61795	EHI01517	DM03194
46.82887	EHI02114	DM03026
69.77857	EHI01090	DM02912
11.19235	EHI01511	DM01925
68.28976	EHI02252	DM03618
73.44786	EHI00077	DM00757
NA	NA	DM00251
32.26685	EHI00832	DM02531
23.18826	EHI01110	DM02288
89.18382	EHI00269	DM03369
43.93548	EHI01180	DM00711
82.12803	EHI01480	DM01932
89.60992	EHI00502	DM01622
16.56723	EHI00938	DM02406
37.8042	EHI00680	DM00178
0.63624	EHI01094	DM00865
73.15859	EHI00458	DM02816
79.16976	EHI02387	DM03454
54.04119	EHI01179	DM00705
2.47205	EHI01221	DM01845
45.76911	EHI02074	DM03071
89.67606	EHI01301	DM01404
81.20804	EHI00383	DM03347
0.53522	EHI01145	DM02290
81.48854	EHI00108	DM02775
53.99228	EHI00675	DM00631
68.50513	EHI01612	DM01836
63.31517	EHI01178	DM00741
6.165	EHI00238	DM02194
88.20627	EHI01478	DM01875
59.85887	EHI02092	DM03087
12.69788	EHI01771	DM03260
26.23609	EHI02112	DM03115
71.29843	EHI00088	DM00817
82.14223	EHI00376	DM02102
12.70624	EHI01695	DM02728
88.98416	EHI01296	DM01417
82.91749	EHI00792	DM02426
10.36499	EHI00531	DM01618
62.55588	EHI01341	DM01499
75.41375	EHI02595	DM03686
87.40057	EHI01504	DM03230
NA	NA	DM00262
0.02869	EHI00079	DM00114
77.05643	EHI01621	DM03746
64.81744	EHI02385	DM03435
86.98282	EHI01302	DM01403
NA	NA	DM00358
1.81821	EHI01171	DM03490
77.7494	EHI01062	DM01116
33.59964	EHI00213	DM02514
60.62577	EHI01992	DM02959
54.60331	EHI00212	DM02331
72.41721	EHI00363	DM01076
2.37238	EHI01148	DM00833
45.66334	EHI01653	DM02906
41.53422	EHI01166	DM01758
10.62695	EHI01227	DM03523
71.37241	EHI01610	DM01837
3.07752	EHI00809	DM02414
71.54073	EHI00441	DM00673
83.88594	EHI00655	DM01591
30.11108	EHI00653	DM01607
69.35284	EHI00119	DM00825
0.02869	EHI00079	DM00102
81.35244	EHI02242	DM03272
2.42088	EHI02128	DM02995
30.28984	EHI00687	DM00169
70.42233	EHI01346	DM02343
80.10523	EHI00165	DM00027
69.76146	EHI02374	DM03452
87.56471	EHI01308	DM01421
6.9304	EHI00652	DM01552
30.18218	EHI01251	DM01515
73.52656	EHI00428	DM00692
2.01305	EHI01181	DM00914
67.17685	EHI01390	DM01470
61.52026	EHI02094	DM03027
82.66878	EHI00422	DM02771
66.86378	EHI00137	DM00790
24.11528	EHI00191	DM03377
82.49843	EHI00399	DM02041
0.90448	EHI01131	DM01178
36.11635	EHI02351	DM03449
85.31679	EHI01068	DM01381
29.30067	EHI00700	DM00170
3.10902	EHI01794	DM02897
6.59068	EHI00023	DM00966
0.55341	EHI01094	DM02310
19.87587	EHI00034	DM00149
83.4711	EHI01557	DM01991
17.21268	EHI02543	DM03599
82.23839	EHI01513	DM03359
14.8151	EHI01109	DM02303
0.19678	EHI00619	DM01649
63.49227	EHI00853	DM02189
39.1605	EHI01644	DM01855
89.46789	EHI01327	DM01450
49.38282	EHI00532	DM02204
87.0192	EHI01293	DM01395
67.52025	EHI01257	DM01491
69.06896	EHI00699	DM00602
49.40006	EHI00849	DM02190
76.16638	EHI00097	DM02752
33.90855	EHI00751	DM00179
0.02869	EHI00079	DM00080
35.46642	EHI00336	DM01265
6.93469	EHI01125	DM01170
55.54269	EHI01046	DM01109
72.10054	EHI02061	DM03054
10.27299	EHI00088	DM02850
81.32167	EHI00391	DM00496
84.88648	EHI01319	DM01302
22.36343	EHI02498	DM03500
NA	NA	DM00414
43.93548	EHI01180	DM00719
24.76463	EHI02112	DM03010
84.71335	EHI01497	DM02049
76.61372	EHI00476	DM00573
48.83754	EHI00838	DM02683
0	EHI00061	DM02246
3.05436	EHI01091	DM00884
NA	NA	DM00438
25.39741	EHI00681	DM00186
90.70277	EHI01288	DM01401
16.64975	EHI00031	DM01017
81.27788	EHI00850	DM02571
0	EHI00059	DM02238
25.95116	EHI02594	DM03668
6.165	EHI00238	DM02168
NA	NA	DM00212
73.39008	EHI02620	DM03764
51.18318	EHI00557	DM01220
80.07433	EHI00177	DM02747
73.83411	EHI01143	DM02940
70.55787	EHI01998	DM03229
93.55219	EHI00388	DM00581
78.68159	EHI01071	DM02506
74.11933	EHI02050	DM03045
85.99184	EHI01460	DM02079
57.31506	EHI00979	DM02268
66.87445	EHI02574	DM03699
78.93332	EHI00545	DM00469
83.63364	EHI00417	DM03349
0.02869	EHI00079	DM00116
58.75026	EHI00361	DM02037
79.33275	EHI01770	DM03300
79.19872	EHI01533	DM01801
45.939	EHI00733	DM00194
77.409	EHI01979	DM03793
84.84414	EHI01526	DM01946
0.66143	EHI00578	DM01599
79.94056	EHI00181	DM00789
25.18073	EHI01701	DM02635
69.78058	EHI00837	DM02488
24.23955	EHI00654	DM01645
14.24707	EHI02471	DM03382
NA	NA	DM00205
NA	NA	DM00336
77.01043	EHI02068	DM03155
80.85994	EHI02256	DM03211
64.7959	EHI00568	DM02797
35.57607	EHI01427	DM02380
52.7157	EHI00970	DM02205
0.11509	EHI00601	DM01558
84.87574	EHI01512	DM03302
53.92719	EHI00798	DM03404
75.60278	EHI00514	DM00676
NA	NA	DM00435
0.09088	EHI00583	DM01626
3.14975	EHI00022	DM00154
58.67873	EHI00361	DM01871
50.98172	EHI01563	DM01785
73.49557	EHI01063	DM01353
79.55161	EHI00235	DM02681
59.83541	EHI00069	DM00759
50.36682	EHI01178	DM00707
60.92051	EHI00107	DM00769
6.93461	EHI01436	DM03758
80.86982	EHI00110	DM02792
0.75455	EHI01102	DM02285
69.08503	EHI00674	DM01696
NA	NA	DM00263
82.68561	EHI01440	DM03748
58.83765	EHI01345	DM01497
77.15973	EHI02624	DM03786
78.5036	EHI01500	DM03329
87.81677	EHI01383	DM01430
66.84673	EHI00113	DM00820
69.44312	EHI01625	DM01808
10.62206	EHI00020	DM00936
85.79668	EHI01487	DM01909
76.29903	EHI00852	DM02540
0.02508	EHI00626	DM01663
2.69262	EHI00803	DM02642
NA	NA	DM00247
0.578	EHI01099	DM00913
4.05789	EHI01632	DM03613
77.35851	EHI01496	DM01920
88.90378	EHI01321	DM01343
7.16267	EHI00009	DM00138
59.67073	EHI01176	DM00738
42.16629	EHI02413	DM03366
81.28637	EHI00689	DM01700
21.61289	EHI01203	DM03475
0.00375	EHI00835	DM02390
93.68752	EHI00349	DM01246
84.54794	EHI02605	DM03733
85.10441	EHI01484	DM02044
26.38268	EHI00497	DM01084
53.92228	EHI01982	DM02954
43.80804	EHI01116	DM00905
NA	EHI01414	DM01461
61.77405	EHI01697	DM03602
59.89143	EHI00648	DM01549
76.58855	EHI00418	DM00471
83.22293	EHI00389	DM01874
0.02672	EHI00835	DM03363
15.17381	EHI01702	DM02631
12.37459	EHI01117	DM00880
84.99835	EHI01528	DM01903
52.53768	EHI00851	DM02690
58.96386	EHI01273	DM01505
19.86942	EHI01210	DM03489
35.09415	EHI00663	DM01278
1.48052	EHI00526	DM01382
78.7329	EHI01984	DM02980
NA	NA	DM00249
58.03853	EHI00682	DM01675
0.09639	EHI00015	DM00997
7.17207	EHI01127	DM01179
73.21433	EHI00341	DM00455
0.57592	EHI00109	DM00023
0.00303	EHI02122	DM02987
82.69984	EHI01499	DM02025
83.10032	EHI02029	DM03276
88.12073	EHI01305	DM01424
55.51575	EHI01444	DM03719
5.39249	EHI01356	DM03407
2.62828	EHI01373	DM03657
69.27579	EHI00740	DM02140
31.12015	EHI01235	DM03483
74.44425	EHI01698	DM02725
5.29456	EHI00007	DM00127
18.68395	EHI00037	DM01004
72.80498	EHI00144	DM01275
85.10915	EHI01514	DM03189
16.23907	EHI00206	DM02436
83.46729	EHI01453	DM02013
NA	NA	DM00382
11.76083	EHI00149	DM01001
0.38777	EHI00039	DM00156
NA	NA	DM00386
2.18448	EHI00171	DM02224
1.98338	EHI01190	DM01127
92.1052	EHI02143	DM03109
68.08426	EHI02344	DM03566
90.54149	EHI01328	DM01347
84.38606	EHI00371	DM01042
82.57679	EHI00169	DM03283
NA	NA	DM00261
60.41194	EHI01442	DM03730
48.20182	EHI00106	DM02832
NA	NA	DM00324
56.73908	EHI00831	DM02577
70.97613	EHI00880	DM01217
16.56723	EHI00938	DM02707
79.10933	EHI00451	DM02738
90.47516	EHI01313	DM01437
69.78058	EHI00837	DM02536
73.99313	EHI02088	DM03797
40.21118	EHI01644	DM02936
32.67448	EHI00033	DM00954
71.5094	EHI01995	DM03783
81.72191	EHI00411	DM03235
20.65595	EHI00977	DM02376
41.48293	EHI02506	DM03386
58.41287	EHI01276	DM02202
2.80716	EHI01793	DM02911
55.88699	EHI01234	DM01755
67.34366	EHI00556	DM02720
76.97654	EHI01265	DM01493
42.95202	EHI01051	DM02511
81.52613	EHI00142	DM02006
73.80781	EHI01274	DM01472
56.77317	EHI00086	DM00798
15.31035	EHI00492	DM01078
NA	NA	DM00337
0.00922	EHI02133	DM02988
74.239	EHI00382	DM01267
47.91331	EHI00509	DM00523
57.14123	EHI00034	DM01025
73.37137	EHI02073	DM03560
35.76783	EHI01223	DM00899
69.66435	EHI01631	DM03721
49.9754	EHI01175	DM00728
56.73908	EHI00831	DM02541
90.6104	EHI01329	DM01329
45.7946	EHI01267	DM01517
83.59383	EHI01382	DM01419
41.22192	EHI00559	DM02712
81.55297	EHI00680	DM01684
26.08261	EHI01216	DM03504
68.91002	EHI00722	DM02150
0.84031	EHI01129	DM00916
59.48597	EHI02073	DM03024
85.60883	EHI02129	DM03082
NA	NA	DM00222
NA	NA	DM00403
49.9754	EHI01175	DM00704
44.44431	EHI02474	DM03367
77.1765	EHI00885	DM01636
71.62181	EHI02398	DM03662
1.00388	EHI01366	DM03663
77.93211	EHI00406	DM00578
84.42346	EHI01527	DM01947
NA	NA	DM00272
0.44045	EHI00969	DM01389
9.29061	EHI01821	DM02921
2.22416	EHI01183	DM00851
0	EHI00055	DM02236
0.99706	EHI01095	DM01148
35.0467	EHI00684	DM00173
85.10441	EHI01484	DM03307
3.25777	EHI01193	DM01181
0.95561	EHI02400	DM03418
82.68853	EHI01314	DM01325
35.26829	EHI00478	DM01032
NA	NA	DM00406
36.38412	EHI00559	DM02176
19.08736	EHI00188	DM01575
64.79183	EHI02105	DM03769
85.82812	EHI01528	DM03201
70.93549	EHI02077	DM03152
80.22384	EHI01306	DM01405
48.53005	EHI01177	DM00701
63.06942	EHI01258	DM01487
43.04521	EHI02064	DM03072
NA	NA	DM00353
2.69262	EHI00803	DM02401
72.29629	EHI00751	DM01685
86.08097	EHI01218	DM00923
58.98194	EHI00856	DM02466
1.47696	EHI01164	DM03531
38.72395	EHI00038	DM00964
63.55758	EHI00715	DM02151
81.85011	EHI01519	DM01927
87.17111	EHI01281	DM01319
78.75612	EHI00144	DM01967
56.7599	EHI02248	DM03551
0.55508	EHI01238	DM01792
62.01958	EHI00673	DM01703
50.07042	EHI01232	DM03518
67.19577	EHI02629	DM03731
52.53768	EHI00851	DM02702
NA	NA	DM00340
80.92452	EHI01244	DM01776
23.4243	EHI01449	DM03761
72.45064	EHI01052	DM01374
22.69132	EHI02132	DM03125
49.32964	EHI00466	DM02607
81.63449	EHI00413	DM03311
1.63231	EHI02099	DM03664
10.20198	EHI00039	DM01013
75.26499	EHI01988	DM02972
36.56895	EHI00463	DM01034
79.48886	EHI01584	DM03682
32.35088	EHI02087	DM03134
57.17521	EHI00945	DM02445
40.43027	EHI00561	DM02156
0.10097	EHI01140	DM00870
21.16393	EHI01195	DM00847
80.11777	EHI02004	DM03344
23.08117	EHI01659	DM02272
24.85923	EHI01699	DM03600
NA	NA	DM00343
32.26685	EHI00832	DM02459
3.00997	EHI01098	DM02277
42.57361	EHI01185	DM02325
0.01089	EHI01055	DM01384
61.50021	EHI01506	DM02023
46.52467	EHI01211	DM03507
2.6839	EHI01144	DM01156
37.68247	EHI00367	DM01075
0.02257	EHI00445	DM01574
3.54958	EHI01093	DM00866
82.82196	EHI01993	DM02970
47.85142	EHI00707	DM02117
80.76129	EHI00895	DM00494
24.59456	EHI00135	DM00024
81.80503	EHI00491	DM00476
64.40492	EHI00511	DM01545
61.14738	EHI00742	DM01686
40.424	EHI00019	DM01008
68.74771	EHI00711	DM02142
59.1367	EHI00729	DM01719
76.95722	EHI01972	DM02961
64.89761	EHI00103	DM00804
56.73908	EHI00831	DM02680
0.04304	EHI01366	DM01747
77.45262	EHI00558	DM01223
33.57574	EHI00584	DM00474
78.80701	EHI00518	DM00672
35.94893	EHI00367	DM02033
82.49789	EHI01060	DM01356
14.47548	EHI01637	DM02300
30.76923	EHI02107	DM03141
NA	NA	DM00293
0.04645	EHI00979	DM01385
56.89639	EHI01030	DM01589
12.95129	EHI00030	DM00123
62.49992	EHI00230	DM02697
16.64975	EHI00031	DM00935
77.15607	EHI00506	DM00668
0.0014	EHI02124	DM02986
84.91433	EHI00400	DM03221
23.38495	EHI01699	DM02632
48.83754	EHI00838	DM02448
0.15186	EHI00645	DM01593
39.7829	EHI00436	DM01081
73.49822	EHI00521	DM00468
13.23379	EHI01695	DM03570
74.92289	EHI00119	DM02803
0	EHI00067	DM02235
35.64512	EHI01105	DM02937
NA	NA	DM00265
NA	NA	DM00426
7.0838	EHI02481	DM03381
74.59124	EHI01073	DM02507
86.15146	EHI01549	DM03232
3.0209	EHI01656	DM01856
0.0024	EHI00448	DM01527
84.40104	EHI01521	DM03331
3.42065	EHI01113	DM00831
75.33996	EHI01983	DM02968
21.69725	EHI01206	DM03472
NA	NA	DM00370
84.67003	EHI00406	DM02072
68.46361	EHI02097	DM03144
8.52045	EHI00581	DM01623
66.66665	EHI00130	DM02790
56.72224	EHI00756	DM02143
24.2692	EHI01110	DM01145
57.20715	EHI00845	DM02537
29.20283	EHI01545	DM01780
5.29495	EHI02424	DM03465
77.71888	EHI00387	DM01224
1.58614	EHI01398	DM01738
82.14223	EHI00376	DM03196
0.76421	EHI01108	DM00855
NA	NA	DM00373
70.18259	EHI01601	DM02264
79.52304	EHI00411	DM00473
32.25298	EHI00030	DM00985
0.62736	EHI01114	DM00859
26.27812	EHI00615	DM01535
66.1513	EHI01248	DM01489
77.08414	EHI00138	DM00800
61.06116	EHI00204	DM02391
73.4879	EHI00169	DM00558
7.59254	EHI02458	DM03511
83.43402	EHI01475	DM01978
83.06749	EHI02003	DM03263
56.90316	EHI00846	DM02473
3.01939	EHI01650	DM02273
77.35018	EHI00549	DM01268
34.74837	EHI00810	DM03364
0.00652	EHI00794	DM02397
83.84491	EHI01519	DM02106
0.578	EHI01099	DM01191
0.09954	EHI00635	DM01653
83.97231	EHI00608	DM01557
84.28034	EHI00418	DM01885
10.40726	EHI00029	DM01019
25.20521	EHI02118	DM03012
84.22123	EHI01505	DM03332
75.19181	EHI01003	DM03549
75.29264	EHI02581	DM03735
NA	NA	DM00359
67.27237	EHI02067	DM03806
16.28705	EHI01820	DM02950
56.64344	EHI00730	DM01672
74.69838	EHI00289	DM01276
77.44245	EHI00231	DM00552
90.74638	EHI00623	DM01094
36.58353	EHI00487	DM01244
2.31564	EHI01132	DM00863
56.34674	EHI00894	DM01540
NA	NA	DM00320
70.88234	EHI01522	DM02107
69.99319	EHI01361	DM03550
82.83297	EHI02126	DM03094
0.39057	EHI01150	DM02322
4.15024	EHI00479	DM02854
15.94308	EHI00007	DM00995
10.49275	EHI01219	DM02875
NA	NA	DM00310
40.4689	EHI00548	DM02621
63.68091	EHI01064	DM02509
33.15183	EHI01661	DM01862
70.48179	EHI00368	DM02055
2.46764	EHI00372	DM01548
0.5284	EHI01103	DM01160
52.62197	EHI00452	DM02603
77.02668	EHI01057	DM01114
36.60166	EHI01550	DM02068
12.9996	EHI01798	DM02882
4.50057	EHI00029	DM00118
78.60251	EHI00483	DM00670
88.56828	EHI01371	DM01477
84.07063	EHI01465	DM02099
84.54686	EHI01285	DM01320
1.3525	EHI01098	DM01146
40.39804	EHI00651	DM01584
2.5877	EHI01135	DM00888
0.16805	EHI00012	DM00998
5.86334	EHI02569	DM03593
0.05088	EHI00593	DM01525
77.70984	EHI01607	DM02623
77.51249	EHI00631	DM00507
8.59613	EHI01599	DM02328
2.45736	EHI01790	DM02868
82.20549	EHI01068	DM02508
2.5877	EHI01135	DM01180
56.90316	EHI00846	DM02569
20.22053	EHI00021	DM00119
64.41793	EHI01602	DM02604
11.82266	EHI02443	DM03506
92.89779	EHI02130	DM03126
2.42477	EHI02427	DM03385
50.22451	EHI00709	DM02128
78.56819	EHI00383	DM00512
74.94751	EHI01613	DM03744
NA	NA	DM00204
5.55747	EHI00146	DM02222
85.0895	EHI00276	DM03212
64.4268	EHI00093	DM02823
55.7636	EHI01581	DM02598
7.12235	EHI01219	DM00889
47.09892	EHI01116	DM02941
54.84792	EHI01585	DM03674
91.76651	EHI02135	DM03117
76.60261	EHI00462	DM02774
80.44999	EHI00339	DM00495
67.98359	EHI01451	DM01806
NA	NA	DM00209
NA	NA	DM00285
1.15739	EHI01136	DM02313
76.79999	EHI00695	DM00607
71.48576	EHI02345	DM03557
82.37062	EHI01445	DM03670
0.50411	EHI00077	DM00809
83.98254	EHI01474	DM03337
90.12732	EHI00150	DM01260
12.83863	EHI00043	DM00929
22.40741	EHI02441	DM03503
57.55594	EHI01345	DM02522
78.7045	EHI00504	DM02785
69.07254	EHI02234	DM03612
61.57804	EHI00455	DM00452
0.03374	EHI00140	DM02227
8.72499	EHI00040	DM01011
26.8	EHI01392	DM02216
NA	NA	DM00260
55.04307	EHI00272	DM02333
76.62454	EHI01019	DM01074
2.76071	EHI01088	DM01131
0.14133	EHI00572	DM01524
58.98194	EHI00856	DM02665
8.57777	EHI00022	DM00986
66.89767	EHI01861	DM02982
81.27788	EHI00850	DM02547
0.57887	EHI00164	DM02234
48.53005	EHI01177	DM00733
NA	NA	DM00434
81.16214	EHI02575	DM03715
66.70481	EHI02089	DM03220
57.20715	EHI00845	DM02477
0	EHI00050	DM02258
42.61644	EHI02410	DM03514
55.79239	EHI01548	DM01797
10.62206	EHI00020	DM01024
56.73908	EHI00831	DM02656
58.9481	EHI00027	DM01002
2.38013	EHI01569	DM03660
62.49992	EHI00230	DM02474
60.34396	EHI00170	DM00996
0.2979	EHI00617	DM01640
0.10786	EHI00586	DM01629
85.83874	EHI01476	DM01898
69.66682	EHI00694	DM00600
85.43623	EHI01551	DM02053
49.72472	EHI02064	DM03142
14.81694	EHI02111	DM02997
NA	NA	DM00276
17.9504	EHI01791	DM02932
43.98927	EHI00522	DM01238
49.99107	EHI01176	DM00710
70.30035	EHI00458	DM00687
23.28246	EHI00016	DM01015
85.46488	EHI01326	DM01439
5.04166	EHI01168	DM03487
9.87929	EHI00346	DM01240
36.22523	EHI02131	DM03609
20.96499	EHI00184	DM01620
63.75129	EHI00121	DM00803
32.26685	EHI00832	DM02646
2.9957	EHI01615	DM03724
78.57252	EHI00365	DM01044
81.90751	EHI01381	DM01326
45.36089	EHI00493	DM00680
1.67241	EHI01187	DM00841
81.63449	EHI00413	DM01995
0.03948	EHI00077	DM00079
69.85336	EHI00903	DM01067
79.55161	EHI00235	DM02669
NA	NA	DM00416
67.14384	EHI02593	DM03673
89.94661	EHI00460	DM01077
77.51249	EHI00631	DM01087
25.41058	EHI00252	DM02439
87.26651	EHI01486	DM01906
9.20775	EHI01104	DM02904
68.18095	EHI01266	DM02516
80.5175	EHI01461	DM02111
1.90128	EHI00555	DM01642
24.04106	EHI00102	DM00801
19.16399	EHI01347	DM02188
7.86183	EHI02556	DM03572
82.22159	EHI01465	DM01969
64.87619	EHI00139	DM00786
0.75446	EHI01220	DM00909
60.7393	EHI00634	DM01586
11.93333	EHI01147	DM02862
68.98531	EHI00671	DM01722
81.24879	EHI00393	DM01988
56.90316	EHI00846	DM02660
63.95598	EHI00117	DM00816
83.95379	EHI00120	DM02833
57.55919	EHI01270	DM02518
84.2427	EHI01502	DM01955
4.54272	EHI01123	DM01124
2.53899	EHI01622	DM01820
0.00293	EHI01095	DM01390
46.61987	EHI00559	DM03537
0.02869	EHI00079	DM00094
82.69984	EHI01499	DM03340
56.90316	EHI00846	DM02648
74.29971	EHI00091	DM02834
0.5706	EHI00107	DM01386
78.68159	EHI01071	DM00970
75.92081	EHI00392	DM00582
87.65653	EHI01308	DM01292
70.44492	EHI00437	DM01058
24.87998	EHI02509	DM03389
28.79659	EHI00639	DM01547
16.62019	EHI00010	DM00991
33.54106	EHI01105	DM01122
74.46687	EHI02626	DM03712
60.57144	EHI00119	DM00818
74.14074	EHI01268	DM02580
83.32693	EHI01078	DM01369
79.55161	EHI00235	DM02705
NA	EHI01173	DM01453
72.50614	EHI00368	DM00448
50.36682	EHI01178	DM00731
75.45484	EHI01973	DM02963
84.44561	EHI01326	DM01344
51.59758	EHI01609	DM02596
44.44872	EHI01182	DM00903
4.56043	EHI02562	DM03606
NA	NA	DM00362
75.85828	EHI01279	DM01731
27.56627	EHI01225	DM01756
71.13702	EHI00616	DM01213
66.8612	EHI00698	DM00630
61.90093	EHI02078	DM03067
NA	EHI01344	DM01467
NA	NA	DM00303
29.46788	EHI01225	DM03494
56.63347	EHI01262	DM01479
3.45585	EHI00172	DM00939
64.91215	EHI00724	DM02141
24.22238	EHI02566	DM03595
47.42524	EHI00250	DM02335
56.51137	EHI01647	DM01865
3.85528	EHI00070	DM02855
NA	EHI01274	DM01466
0.69298	EHI01108	DM02305
2.04932	EHI02697	DM03784
NA	EHI00077	DM00011
0.18292	EHI00641	DM01560
52.32142	EHI01594	DM02616
NA	EHI01262	DM01463
0.99706	EHI01095	DM00869
0.03402	EHI00610	DM01554
63.63838	EHI00687	DM01666
0.03948	EHI00077	DM00117
20.38123	EHI01648	DM02279
79.74852	EHI02006	DM03309
32.26685	EHI00832	DM02694
20.71259	EHI02060	DM03043
27.17687	EHI02388	DM03433
2.66016	EHI01134	DM01140
55.06585	EHI00320	DM01227
82.90085	EHI01552	DM03157
7.19775	EHI00197	DM02395
77.23174	EHI00691	DM01702
41.95283	EHI00952	DM03434
82.38386	EHI00855	DM02191
15.49545	EHI02452	DM03414
52.53768	EHI00851	DM02539
NA	NA	DM00383
42.28538	EHI01126	DM00852
NA	NA	DM00405
22.00428	EHI02407	DM03400
65.74279	EHI00713	DM02133
84.31227	EHI01471	DM02014
66.17454	EHI00113	DM00814
82.41702	EHI01453	DM01938
58.469	EHI00105	DM00815
72.41791	EHI01003	DM02713
2.69262	EHI00803	DM02638
23.46294	EHI01648	DM02884
NA	NA	DM00365
48.83754	EHI00838	DM02484
69.08503	EHI00674	DM00626
87.18261	EHI01076	DM01378
62.61882	EHI00718	DM02135
2.92978	EHI00182	DM00795
66.62201	EHI00678	DM01699
3.23323	EHI00017	DM00926
4.22522	EHI01643	DM02926
70.97613	EHI00880	DM00515
25.2366	EHI02545	DM03605
NA	NA	DM00223
64.07905	EHI01271	DM01500
54.63097	EHI00477	DM00651
0.17363	EHI01146	DM01208
1.03603	EHI01401	DM01741
NA	NA	DM00339
56.38301	EHI01966	DM03771
69.01064	EHI00498	DM00456
6.27356	EHI01188	DM02901
NA	NA	DM00352
30.60214	EHI02087	DM03011
21.16393	EHI01195	DM01129
4.7269	EHI01107	DM00844
40.22112	EHI01160	DM03492
56.90316	EHI00846	DM02545
30.37002	EHI02095	DM02993
66.07029	EHI02232	DM03539
0.03948	EHI00077	DM00111
86.87084	EHI01553	DM03315
NA	NA	DM00227
0.90448	EHI01131	DM00873
71.83818	EHI00404	DM01255
83.94968	EHI00387	DM02020
83.30791	EHI01491	DM02095
85.07539	EHI01967	DM03773
19.48338	EHI01170	DM03491
82.44838	EHI01520	DM03188
NA	NA	DM00308
53.8606	EHI02300	DM03178
62.49992	EHI00230	DM02673
74.50391	EHI01365	DM03655
84.87574	EHI01512	DM02101
NA	NA	DM00388
18.68395	EHI00037	DM00932
48.83754	EHI00838	DM02460
NA	NA	DM00378
80.12567	EHI02034	DM03305
2.69262	EHI00803	DM02399
0.04672	EHI00517	DM02351
68.1273	EHI00490	DM02793
0.4166	EHI00156	DM02252
5.15448	EHI01639	DM02923
81.75185	EHI00380	DM03334
83.0536	EHI00456	DM00665
NA	NA	DM00327
10.40726	EHI00029	DM00940
2.69262	EHI00803	DM02525
0.00971	EHI02103	DM02999
58.5795	EHI00708	DM02116
58.92408	EHI00987	DM02714
47.9927	EHI00868	DM01619
2.27034	EHI01097	DM02292
65.0978	EHI00178	DM02786
74.62161	EHI02079	DM03798
NA	NA	DM00347
54.89115	EHI00759	DM02123
74.39641	EHI01437	DM03737
57.50798	EHI01442	DM01816
38.19324	EHI00459	DM01040
80.56645	EHI01069	DM01352
64.00454	EHI00167	DM00567
0.0359	EHI02476	DM03419
0.02756	EHI00482	DM01587
0.03346	EHI00450	DM01585
90.17365	EHI01295	DM01331
84.08041	EHI00393	DM03190
72.10712	EHI00565	DM03630
58.34447	EHI01184	DM01860
38.67037	EHI01410	DM03640
9.5945	EHI01147	DM01201
74.06725	EHI02603	DM03789
76.79999	EHI00695	DM01698
3.87643	EHI00428	DM02842
86.71627	EHI01302	DM01301
41.61107	EHI00505	DM02612
35.94893	EHI00367	DM03259
85.43623	EHI01551	DM03218
87.15624	EHI01289	DM01415
35.79917	EHI00537	DM02779
2.85454	EHI02263	DM03287
80.23573	EHI00972	DM01071
17.68601	EHI00014	DM00134
77.47976	EHI02301	DM03328
80.76129	EHI00895	DM01039
83.51532	EHI02623	DM03697
69.53292	EHI01640	DM02863
NA	NA	DM00354
82.63102	EHI02339	DM03447
82.8884	EHI00408	DM01958
80.44999	EHI00339	DM01086
48.48574	EHI00571	DM01631
0	EHI00049	DM02230
65.11878	EHI00301	DM02339
79.55161	EHI00235	DM02542
13.51327	EHI00848	DM02159
81.37639	EHI02604	DM03703
38.72395	EHI00038	DM01014
79.31128	EHI00088	DM00780
42.45064	EHI02423	DM03411
18.08888	EHI01087	DM02301
72.03506	EHI01530	DM03295
15.30957	EHI01393	DM02373
13.54996	EHI00752	DM00200
37.37414	EHI00676	DM00181
78.47552	EHI01450	DM01813
1.21523	EHI01405	DM01729
8.57777	EHI00022	DM00937
59.22899	EHI00710	DM02124
41.48915	EHI00440	DM02625
86.72602	EHI01476	DM02084
55.55056	EHI00565	DM02220
18.02889	EHI00757	DM00198
55.33094	EHI01070	DM02157
74.63566	EHI00142	DM01280
30.93948	EHI02042	DM03037
61.77937	EHI00757	DM00627
77.99079	EHI01303	DM01297
NA	NA	DM00316
15.86182	EHI00643	DM01602
70.10707	EHI01544	DM01778
NA	NA	DM00319
88.5109	EHI01297	DM01416
84.23073	EHI01508	DM03293
2.61705	EHI01142	DM00881
85.40021	EHI01285	DM01434
6.48045	EHI00209	DM02430
NA	NA	DM00328
71.67319	EHI00738	DM02137
74.39383	EHI02274	DM03252
50.93672	EHI00461	DM01216
82.68618	EHI00792	DM03409
32.43297	EHI00227	DM01045
75.15915	EHI02070	DM03231
73.13947	EHI00402	DM01259
56.90316	EHI00846	DM02684
63.76686	EHI00403	DM01249
NA	NA	DM00210
61.33841	EHI00934	DM01660
69.51454	EHI01143	DM01186
81.15112	EHI01290	DM01399
86.13946	EHI01384	DM01411
46.61274	EHI01185	DM00885
39.73863	EHI01172	DM00700
65.13196	EHI02305	DM03321
0.02869	EHI00079	DM00078
NA	NA	DM00230
0.13261	EHI02010	DM03236
52.69792	EHI00539	DM00504
NA	NA	DM00402
83.61963	EHI01456	DM01962
82.89448	EHI01455	DM03202
3.62611	EHI02109	DM03085
72.0285	EHI01292	DM01333
32.13988	EHI01226	DM01762
3.42065	EHI01113	DM01164
7.37756	EHI01127	DM02294
55.44741	EHI00532	DM03543
81.09995	EHI00380	DM01973
96.50877	EHI00407	DM01250
31.97968	EHI00011	DM00947
85.84186	EHI00677	DM01701
43.21478	EHI00906	DM02213
45.27953	EHI01214	DM03519
60.102	EHI02309	DM03538
NA	NA	DM00254
81.50589	EHI00381	DM03247
44.33	EHI01620	DM03728
36.18257	EHI02583	DM03749
34.0905	EHI01255	DM01513
75.78911	EHI00380	DM01263
1.6002	EHI01128	DM00864
55.80422	EHI01264	DM02519
89.96689	EHI01324	DM01452
83.74869	EHI01278	DM03617
81.52613	EHI00142	DM03352
0.5872	EHI01153	DM01167
16.72689	EHI01243	DM01769
78.3987	EHI02598	DM03775
2.08289	EHI01194	DM00854
70.96363	EHI02016	DM03175
66.11173	EHI01339	DM02588
82.83028	EHI01831	DM03273
69.78058	EHI00837	DM02651
0.53682	EHI01100	DM02312
0.82454	EHI01102	DM00908
83.0428	EHI02000	DM03291
70.41313	EHI01796	DM02907
73.23644	EHI01443	DM03675
83.84491	EHI01519	DM03185
6.16898	EHI02122	DM03123
62.29153	EHI00134	DM00764
0.03948	EHI00077	DM00085
51.80979	EHI00530	DM01079
50.25827	EHI02082	DM03070
NA	NA	DM00411
73.99394	EHI00755	DM01718
80.12633	EHI00118	DM02840
3.8354	EHI01101	DM01204
NA	NA	DM00271
51.52538	EHI02067	DM03017
51.06708	EHI00748	DM02152
1.21477	EHI00160	DM02239
44.66824	EHI01595	DM02385
58.53348	EHI01256	DM01494
4.48756	EHI01119	DM02915
14.45219	EHI02134	DM03081
46.90071	EHI00800	DM03395
15.70794	EHI00563	DM01228
0.04418	EHI00662	DM01657
79.28819	EHI02612	DM03790
70.61754	EHI00897	DM00488
83.85998	EHI01457	DM02062
84.19194	EHI00518	DM02768
85.95504	EHI00394	DM03209
0.54227	EHI01633	DM03643
1.35699	EHI01158	DM03529
84.85883	EHI01515	DM03249
0.17498	EHI00628	DM01600
77.86647	EHI01448	DM03708
58.32239	EHI01089	DM02871
45.43692	EHI00457	DM00591
71.5136	EHI01364	DM01739
88.37238	EHI01309	DM01418
88.5816	EHI01323	DM01322
79.81353	EHI01461	DM01872
82.50239	EHI01516	DM02057
0.17363	EHI01146	DM00912
83.98438	EHI01314	DM01438
0.59862	EHI01138	DM00843
71.84622	EHI01978	DM02977
69.20638	EHI00995	DM03556
73.77435	EHI00111	DM02758
2.10229	EHI02538	DM03656
57.20715	EHI00845	DM02688
0.83167	EHI01403	DM01751
81.44869	EHI02304	DM03271
13.79325	EHI01403	DM03635
60.25118	EHI00093	DM00749
75.74599	EHI00728	DM01713
69.6279	EHI00363	DM03265
92.44631	EHI01498	DM03322
76.62454	EHI01019	DM00485
NA	NA	DM00259
35.73931	EHI00352	DM01658
26.564	EHI00579	DM01570
74.12167	EHI00414	DM00556
48.83754	EHI00838	DM02544
65.51053	EHI00512	DM00682
46.06741	EHI00489	DM01261
0.14095	EHI00152	DM02244
2.65926	EHI01155	DM00834
3.42546	EHI00079	DM02846
NA	NA	DM00439
NA	EHI01363	DM01462
NA	NA	DM00239
14.98757	EHI00806	DM02389
30.10001	EHI01235	DM01761
57.14123	EHI00034	DM00930
53.39895	EHI01792	DM02890
33.06963	EHI02486	DM03388
74.63566	EHI00142	DM00592
78.59864	EHI02306	DM03325
0.12494	EHI00636	DM01617
62.55774	EHI02078	DM03099
77.35018	EHI00549	DM00518
58.92408	EHI00987	DM02206
NA	NA	DM00342
81.11355	EHI00374	DM01089
0.02869	EHI00079	DM00106
77.23174	EHI00691	DM00622
27.59992	EHI00101	DM02838
14.42431	EHI00035	DM00133
22.61803	EHI00255	DM02340
21.59446	EHI00101	DM00811
35.10178	EHI00028	DM01010
80.80016	EHI00506	DM02812
77.22589	EHI00878	DM01544
40.01603	EHI00912	DM00501
84.30393	EHI01284	DM01318
30.12552	EHI02394	DM03649
92.49231	EHI00996	DM01055
15.70794	EHI00563	DM00522
70.48179	EHI00368	DM03280
11.80644	EHI01654	DM02306
57.32123	EHI02634	DM03768
NA	NA	DM00248
42.62441	EHI01196	DM01177
65.44886	EHI00088	DM00810
44.84602	EHI01252	DM01511
18.61266	EHI01159	DM01765
42.67641	EHI00743	DM00197
37.60703	EHI02384	DM03426
2.30174	EHI01649	DM01863
2.9146	EHI01412	DM03661
58.34602	EHI02114	DM03558
68.6991	EHI01045	DM01103
47.45588	EHI02371	DM03443
58.84635	EHI00283	DM01601
17.22365	EHI00927	DM01056
0.52636	EHI00079	DM00808
35.0942	EHI00663	DM00557
57.46273	EHI01697	DM02636
61.08689	EHI01506	DM01916
44.72953	EHI00386	DM02613
31.88169	EHI00035	DM01016
41.45709	EHI00752	DM00625
0.03948	EHI00077	DM00109
76.29903	EHI00852	DM02468
75.28846	EHI01049	DM00977
59.49882	EHI00732	DM00605
68.28497	EHI00945	DM03567
0.5872	EHI01153	DM00846
2.43129	EHI01220	DM02909
NA	NA	DM00213
10.6192	EHI02463	DM03379
29.23839	EHI00014	DM00925
37.10759	EHI01106	DM01128
26.38268	EHI00497	DM00451
NA	NA	DM00330
73.46551	EHI00665	DM01711
1.59255	EHI00219	DM01392
6.37375	EHI01101	DM02859
79.52304	EHI00411	DM01030
81.36894	EHI00411	DM01917
76.29903	EHI00852	DM02655
82.67927	EHI01075	DM01365
69.23398	EHI01254	DM01502
80.17858	EHI00438	DM00650
77.02531	EHI01045	DM01366
61.47979	EHI00472	DM00666
61.37553	EHI00540	DM01652
82.17182	EHI01455	DM01952
NA	NA	DM00425
73.76405	EHI01651	DM02861
27.21305	EHI00335	DM00575
0.02869	EHI00079	DM00084
15.42237	EHI00013	DM00125
69.8812	EHI00676	DM01674
3.40373	EHI00023	DM00153
0.03948	EHI00077	DM00099
5.92394	EHI00881	DM01655
82.47092	EHI00656	DM01598
0.52993	EHI02482	DM03402
0.38506	EHI00018	DM00129
85.28999	EHI01529	DM03156
82.62993	EHI01803	DM03181
59.56657	EHI00494	DM02217
60.69406	EHI01628	DM03745
89.45059	EHI01324	DM01330
12.82658	EHI02559	DM03580
81.72952	EHI01381	DM01409
77.45262	EHI00558	DM00585
86.72195	EHI00627	DM00502
87.18587	EHI01294	DM01299
0.23181	EHI02403	DM03413
3.12609	EHI00799	DM03405
83.41153	EHI01741	DM03216
69.68417	EHI00338	DM00466
17.29627	EHI00099	DM00020
0.61829	EHI01092	DM02283
68.61156	EHI01231	DM03526
17.11929	EHI01536	DM01789
74.4726	EHI00496	DM00695
79.11302	EHI01623	DM03691
78.27797	EHI00108	DM00760
77.10749	EHI01625	DM03718
70.77509	EHI01651	DM01851
NA	NA	DM00334
35.53149	EHI02437	DM03530
37.38841	EHI01410	DM01748
73.14998	EHI00462	DM00691
62.49992	EHI00230	DM02486
22.217	EHI01242	DM01786
74.47271	EHI00398	DM01264
12.96293	EHI02399	DM03495
75.86812	EHI01968	DM02952
33.78641	EHI02084	DM03149
86.26049	EHI01553	DM01918
21.59547	EHI01195	DM02304
73.13947	EHI00402	DM00521
0.72774	EHI01372	DM03636
2.45507	EHI01154	DM01141
15.921	EHI00042	DM01009
67.78462	EHI02376	DM03562
0.64619	EHI01145	DM00883
52.7157	EHI00970	DM02718
0.62308	EHI01149	DM02315
1.77222	EHI00833	DM02195
80.08049	EHI01240	DM01767
NA	NA	DM00203
43.56453	EHI01653	DM01854
61.81021	EHI02075	DM03058
15.41939	EHI02137	DM02990
0.62666	EHI01100	DM01135
16.56723	EHI00938	DM02645
2.01305	EHI01181	DM01154
25.93532	EHI00101	DM00778
23.38495	EHI01699	DM02730
5.98006	EHI02500	DM03525
58.54795	EHI00896	DM00527
74.76363	EHI01627	DM03765
58.33778	EHI01228	DM03516
72.55743	EHI00416	DM01219
16.02767	EHI00503	DM01611
4.70561	EHI01188	DM00835
85.3666	EHI01527	DM03169
84.4888	EHI02015	DM03292
90.11592	EHI01288	DM01315
6.34515	EHI00132	DM00022
65.73132	EHI02368	DM03427
62.79129	EHI00041	DM00983
25.08324	EHI01589	DM02329
2.66477	EHI01614	DM01840
2.69262	EHI00803	DM02405
80.96314	EHI02069	DM03005
58.98194	EHI00856	DM02562
85.26236	EHI01470	DM03167
47.71816	EHI02098	DM03086
83.88314	EHI01556	DM03320
73.70647	EHI00112	DM02755
76.07675	EHI01472	DM02051
65.05688	EHI02571	DM03757
66.66326	EHI02102	DM03148
NA	NA	DM00297
50.43956	EHI00561	DM02218
21.30543	EHI01152	DM00895
81.27788	EHI00850	DM02451
15.01199	EHI01213	DM03477
78.66334	EHI00365	DM01881
NA	NA	DM00267
67.9642	EHI02617	DM03776
78.39201	EHI00089	DM02798
NA	NA	DM00268
62.91364	EHI00465	DM00683
8.97079	EHI00290	DM02428
23.28246	EHI00016	DM00928
55.12748	EHI00196	DM02120
0.94126	EHI01133	DM02274
72.77681	EHI02607	DM03807
69.30082	EHI02065	DM03075
85.87129	EHI01554	DM03285
57.56666	EHI00267	DM03378
60.57948	EHI02123	DM03080
84.92932	EHI01067	DM01351
70.40272	EHI00074	DM00761
81.16577	EHI02578	DM03720
23.5458	EHI00249	DM02496
76.29903	EHI00852	DM02576
0.03948	EHI00077	DM00105
2.60484	EHI00245	DM02427
50.43956	EHI00561	DM02709
59.35934	EHI02096	DM03133
NA	NA	DM00400
91.96693	EHI01299	DM01425
74.12166	EHI00414	DM01243
69.15668	EHI01052	DM02504
85.29968	EHI00262	DM00589
88.87972	EHI00409	DM00547
81.27788	EHI00850	DM02698
46.39196	EHI01342	DM01504
5.61812	EHI02541	DM03585
85.70276	EHI01470	DM01889
92.55124	EHI00415	DM00534
48.16907	EHI00080	DM00753
4.7356	EHI01656	DM02883
82.48822	EHI01968	DM03788
21.85991	EHI00691	DM00190
76.26445	EHI00686	DM00617
77.02947	EHI02355	DM03457
15.55689	EHI00036	DM00160
53.83024	EHI00516	DM00549
3.42524	EHI01111	DM01187
52.53768	EHI00851	DM02491
0	EHI00052	DM02226
0.13351	EHI00661	DM02359
64.15839	EHI02080	DM03112
NA	EHI01390	DM01469
64.52525	EHI00979	DM03440
74.44644	EHI00743	DM00608
38.06851	EHI01223	DM02946
48.94283	EHI00534	DM01230
71.49362	EHI00085	DM00747
39.95415	EHI01182	DM02318
74.0589	EHI00600	DM00489
60.97003	EHI00697	DM01670
65.37239	EHI00717	DM02147
71.08158	EHI01965	DM02983
1.20786	EHI01566	DM01774
0.09661	EHI00632	DM01538
44.79026	EHI02465	DM03471
7.07317	EHI01579	DM02327
71.12716	EHI00127	DM00028
32.72008	EHI00699	DM00185
78.57252	EHI00365	DM00475
86.45784	EHI01280	DM01410
28.66016	EHI00969	DM02367
29.46419	EHI01250	DM01516
68.6668	EHI00139	DM02802
67.63326	EHI00692	DM00604
NA	NA	DM00257
43.98925	EHI00522	DM00538
6.02835	EHI00214	DM02344
3.39166	EHI01655	DM02944
NA	NA	DM00216
85.1922	EHI00592	DM00467
84.61555	EHI02069	DM03128
23.57629	EHI00038	DM00128
13.236510000000001	EHI02550	DM03576
61.0942	EHI00556	DM02170
76.3057	EHI01350	DM02371
25.16489	EHI00036	DM00988
68.87455	EHI01989	DM02955
86.26526	EHI01319	DM01402
6.01197	EHI01186	DM00837
82.55933	EHI01265	DM02586
0.76354	EHI01399	DM03623
59.17145	EHI00104	DM00776
76.67731	EHI01061	DM01102
61.57804	EHI00455	DM01059
81.27788	EHI00850	DM02463
2.46696	EHI01626	DM01832
40.74839	EHI01800	DM02929
31.31925	EHI01226	DM03484
5.14444	EHI00451	DM02841
NA	NA	DM00417
60.39893	EHI02364	DM03441
79.48635	EHI00422	DM00657
73.21433	EHI00341	DM01053
75.6153	EHI00122	DM02815
81.909	EHI01494	DM01966
NA	NA	DM00389
83.57433	EHI01505	DM01933
31.51762	EHI02461	DM03512
14.75654	EHI00373	DM02337
89.45802	EHI01282	DM01342
76.25505	EHI01485	DM03335
0.00427	EHI01407	DM01393
54.08961	EHI00705	DM02125
83.02406	EHI00398	DM03333
87.69078	EHI01462	DM01895
70.25558	EHI00153	DM01273
72.34296	EHI01438	DM01829
68.92707	EHI01377	DM01476
53.72721	EHI01089	DM01161
60.40152	EHI01022	DM03554
0.03948	EHI00077	DM00103
NA	NA	DM00421
81.18954	EHI00398	DM01939
83.38729	EHI01473	DM03303
7.81533	EHI01204	DM03532
78.44225	EHI00100	DM00770
23.63176	EHI02085	DM03129
29.62793	EHI00151	DM00994
NA	NA	DM00323
23.54026	EHI01152	DM02892
90.50899	EHI01332	DM01413
84.62357	EHI01507	DM02081
59.28799	EHI02261	DM03545
29.16931	EHI00742	DM00196
61.14738	EHI00742	DM00595
67.98669	EHI01339	DM01492
81.73893	EHI00165	DM01772
0.70528	EHI01092	DM00882
3.54958	EHI01093	DM01120
74.40329	EHI00105	DM02826
NA	NA	DM00322
14.5121	EHI01117	DM02889
83.28233	EHI00374	DM01879
6.16239	EHI01236	DM01782
4.19688	EHI01107	DM02280
51.12748	EHI00080	DM02737
89.63611	EHI01173	DM01478
87.28721	EHI01320	DM01445
82.38386	EHI00855	DM02163
71.43195	EHI01229	DM01760
3.95501	EHI02549	DM03588
46.61274	EHI01185	DM01142
67.80983	EHI00554	DM00564
82.82828	EHI01330	DM01332
72.7966	EHI02080	DM03312
NA	NA	DM00318
86.17412	EHI01283	DM01420
31.97968	EHI00011	DM01021
80.55212	EHI01558	DM02073
56.64344	EHI00730	DM00612
18.66854	EHI01087	DM00919
8.76719	EHI00274	DM02429
89.85963	EHI01298	DM01441
70.47902	EHI00467	DM02723
24.3913	EHI01195	DM02930
56.33433	EHI00378	DM02628
79.99447	EHI00327	DM00450
56.23712	EHI01593	DM02599
41.60212	EHI00486	DM02606
NA	NA	DM00243
82.05783	EHI01065	DM01373
0	EHI00063	DM02243
50.36682	EHI01178	DM00715
0.5713	EHI01192	DM01849
3.11146	EHI01137	DM00875
25.18855	EHI02051	DM03046
84.63265	EHI02017	DM03223
41.89006	EHI00674	DM00191
15.4944	EHI01801	DM02922
31.29092	EHI02085	DM03711
47.81622	EHI00331	DM01218
65.65254	EHI00567	DM00662
21.2132	EHI02564	DM03601
5.79969	EHI00037	DM00126
0.06961	EHI01399	DM01750
83.7035	EHI01050	DM01349
66.36237	EHI00501	DM00580
84.52813	EHI00389	DM01990
81.03097	EHI01058	DM02505
7.69231	EHI02107	DM03001
NA	NA	DM00244
NA	NA	DM00264
16.56723	EHI00938	DM02524
NA	NA	DM00242
3.47632	EHI00809	DM03394
56.17853	EHI00782	DM02443
77.36306	EHI02240	DM03257
0.65956	EHI00159	DM02245
66.0469	EHI01414	DM01481
32.98586	EHI00630	DM01635
84.7737	EHI01502	DM03357
NA	NA	DM00341
8.16354	EHI00179	DM02845
53.23975	EHI00480	DM00663
86.40754	EHI01501	DM02034
3.1209	EHI01531	DM01788
66.12983	EHI00453	DM01064
24.42724	EHI00304	DM02364
82.74666	EHI01491	DM01983
86.53453	EHI01495	DM02094
88.6357	EHI01307	DM01291
24.24521	EHI02631	DM03753
85.10915	EHI01514	DM02096
NA	NA	DM00291
53.77685	EHI01492	DM02103
49.82805	EHI01344	DM01474
71.10997	EHI00125	DM02782
77.37316	EHI02076	DM03089
38.19324	EHI00459	DM00484
82.90085	EHI01552	DM02012
77.84684	EHI00594	DM01564
NA	NA	DM00431
13.53658	EHI00016	DM00151
14.68532	EHI00207	DM02437
73.9435	EHI00302	DM01253
3.10504	EHI01629	DM03694
NA	NA	DM00273
43.07084	EHI01618	DM01809
1.84889	EHI00797	DM02197
55.29051	EHI01077	DM01098
11.6772	EHI00006	DM01003
88.5185	EHI01368	DM01485
NA	NA	DM00384
NA	NA	DM00255
11.76083	EHI00149	DM00945
13.47744	EHI01169	DM03517
4.62279	EHI00647	DM02355
NA	NA	DM00360
80.6258	EHI01054	DM00979
84.83093	EHI01456	DM03338
80.16304	EHI01217	DM01754
NA	NA	DM00430
62.15793	EHI00819	DM02421
85.07257	EHI00391	DM02086
70.61319	EHI00375	DM01247
12.55022	EHI00241	DM02417
82.14004	EHI00416	DM02092
56.65097	EHI01079	DM02158
88.60089	EHI01173	DM00744
NA	NA	DM00282
0.46608	EHI01151	DM02278
56.81363	EHI00025	DM01005
14.07385	EHI00523	DM01614
0	EHI00280	DM02249
72.41721	EHI00363	DM00457
2.57595	EHI01629	DM01811
84.1036	EHI00408	DM03215
NA	NA	DM00307
29.98672	EHI02548	DM03581
70.85732	EHI02586	DM03763
89.27822	EHI01307	DM01446
37.41618	EHI00943	DM01542
7.18222	EHI00650	DM02354
3.54156	EHI02115	DM03119
NA	NA	DM00288
73.37567	EHI02241	DM03318
58.98194	EHI00856	DM02550
43.607170000000004	EHI02100	DM03103
35.48023	EHI00216	DM00525
45.55888	EHI00358	DM01546
32.43297	EHI00227	DM00513
66.5124	EHI00546	DM00542
73.75677	EHI01493	DM02039
2.77455	EHI02128	DM03110
57.25519	EHI00551	DM02609
49.40006	EHI00849	DM02162
4.46237	EHI02418	DM03509
4.76688	EHI01658	DM01864
45.38135	EHI02507	DM03390
11.41055	EHI01511	DM03267
81.62642	EHI00479	DM00689
49.27554	EHI02089	DM03063
75.1967	EHI01987	DM02967
62.35379	EHI02071	DM03032
NA	NA	DM00289
64.16388	EHI00836	DM02198
66.38845	EHI00696	DM01665
NA	EHI01269	DM01465
83.91981	EHI00394	DM01897
2.07909	EHI02055	DM03034
NA	NA	DM00256
74.33227	EHI00733	DM00613
84.56508	EHI00374	DM03355
80.09247	EHI01520	DM01928
50.52626	EHI00987	DM02178
NA	NA	DM00232
12.08585	EHI01642	DM02899
NA	NA	DM00413
58.98194	EHI00856	DM02677
14.63773	EHI00344	DM01579
50.33152	EHI00535	DM00532
6.52921	EHI02570	DM03577
24.90232	EHI00753	DM00176
81.52463	EHI01457	DM01910
84.38606	EHI00371	DM00479
76.29903	EHI00852	DM02552
11.40686	EHI02430	DM03421
81.66054	EHI00113	DM02761
62.49992	EHI00230	DM02450
56.4451	EHI00480	DM02762
57.40461	EHI00706	DM02118
79.35628	EHI01081	DM01111
NA	NA	DM00235
26.15881	EHI01659	DM02925
58.89354	EHI02113	DM03122
0.00204	EHI00513	DM02356
59.4809	EHI01341	DM02521
0.83506	EHI01375	DM01725
NA	NA	DM00313
72.41791	EHI01003	DM02203
88.1127	EHI01309	DM01293
3.20946	EHI01630	DM03689
38.84526	EHI01196	DM02885
70.25558	EHI00153	DM00577
0.10313	EHI00609	DM01561
63.390860000000004	EHI00488	DM00654
46.51393	EHI02040	DM03056
78.48876	EHI00289	DM03251
56.36785	EHI00785	DM02361
1.24374	EHI01130	DM02298
68.43148	EHI00342	DM00458
66.36237	EHI00501	DM01254
83.08176	EHI01464	DM03165
79.77649	EHI00514	DM02809
78.28652	EHI01083	DM01375
35.76783	EHI01223	DM01193
70.71975	EHI00427	DM01057
62.45465	EHI00683	DM01678
82.89448	EHI01455	DM02019
69.78058	EHI00837	DM02687
77.62349	EHI02018	DM03246
84.31227	EHI01471	DM03204
51.89857	EHI01367	DM01737
32.26472	EHI01606	DM02384
30.37454	EHI00166	DM00955
91.43111	EHI01299	DM01304
68.61671	EHI02354	DM03429
71.25379	EHI00464	DM00653
7.9e-4	EHI02375	DM03444
48.38964	EHI01201	DM03467
NA	NA	DM00420
7.96905	EHI00151	DM00121
65.8489	EHI00684	DM01690
27.52313	EHI00638	DM02154
24.57895	EHI00642	DM01613
77.4966	EHI01698	DM03592
NA	NA	DM00208
NA	NA	DM00419
35.87422	EHI01550	DM01984
72.54258	EHI00032	DM00965
80.70888	EHI00405	DM00449
1.91019	EHI00017	DM00136
69.66682	EHI00694	DM01691
26.03016	EHI02118	DM03088
80.6258	EHI01054	DM02510
39.73863	EHI01172	DM00724
81.40781	EHI00402	DM01929
74.08354	EHI02011	DM03248
47.04852	EHI00396	DM02626
NA	NA	DM00238
84.53273	EHI01551	DM01959
NA	NA	DM00356
1.47279	EHI02695	DM03777
72.85214	EHI01365	DM01744
61.67173	EHI00670	DM01721
42.3386	EHI01696	DM02727
77.44245	EHI00231	DM01242
79.29099	EHI00808	DM03398
82.27711	EHI01209	DM03480
85.77313	EHI01289	DM01295
23.67459	EHI02131	DM02998
73.49822	EHI00521	DM01073
29.74761	EHI00678	DM00166
56.90316	EHI00846	DM02696
77.04122	EHI01049	DM01367
55.5529	EHI02250	DM03626
69.16299	EHI00309	DM00555
5.56045	EHI02049	DM03053
1.66598	EHI00172	DM00139
79.15929	EHI01558	DM01924
0.06176	EHI00795	DM02350
0	EHI02106	DM03074
62.79129	EHI00041	DM00952
NA	NA	DM00329
72.91392	EHI00161	DM00530
43.43389	EHI01388	DM01473
71.16567	EHI02611	DM03759
79.55161	EHI00235	DM02693
2.42405	EHI02124	DM03106
NA	NA	DM00344
74.12123	EHI01237	DM01766
82.8741	EHI00414	DM02032
NA	NA	DM00296
49.99107	EHI01176	DM00702
88.97011	EHI00133	DM00771
63.93257	EHI01616	DM01818
84.10666	EHI01514	DM01981
81.12738	EHI01057	DM01350
84.28057	EHI00116	DM02822
NA	NA	DM00214
49.01036	EHI01232	DM01764
3.40842	EHI01354	DM02186
2.10499	EHI01221	DM00867
64.16433	EHI02071	DM03131
8.25233	EHI00096	DM00015
2.91121	EHI01096	DM00915
NA	NA	DM00312
70.68229	EHI01003	DM02180
92.4537	EHI01498	DM01919
62.49992	EHI00230	DM02546
79.97683	EHI00382	DM02036
NA	NA	DM00351
85.63082	EHI00418	DM03161
57.20715	EHI00845	DM02573
76.924	EHI00393	DM00516
3.25777	EHI01193	DM00850
80.55212	EHI01558	DM03184
63.04961	EHI00984	DM03431
65.36227	EHI02608	DM03698
0.0029	EHI00531	DM01391
72.4619	EHI02579	DM03706
84.92106	EHI01503	DM02087
NA	NA	DM00299
NA	NA	DM00380
23.36513	EHI01200	DM03482
56.73908	EHI00831	DM02493
54.14709	EHI02137	DM03151
64.57421	EHI00712	DM02146
0.47367	EHI00145	DM00014
78.40652	EHI01463	DM01942
0.02004	EHI00649	DM02345
2.22416	EHI01183	DM01196
89.12731	EHI01312	DM01448
6.33119	EHI01104	DM01192
0.37736	EHI00784	DM02347
66.99058	EHI01991	DM02974
40.16538	EHI01106	DM02860
86.95652	EHI01287	DM01300
76.6864	EHI00375	DM01930
8.04321	EHI01219	DM01842
58.9481	EHI00027	DM00956
36.66208	EHI01592	DM02379
63.61876	EHI00126	DM00792
1.67241	EHI01187	DM01163
0.99634	EHI00143	DM02233
85.41484	EHI02141	DM03118
85.91146	EHI00479	DM02824
69.8812	EHI00676	DM00609
85.87129	EHI01554	DM01996
78.85584	EHI00688	DM00614
7.56691	EHI02099	DM03113
39.73863	EHI01172	DM00716
80.59467	EHI00470	DM02772
55.93328	EHI01582	DM02386
NA	NA	DM00442
50.27259	EHI01618	DM03710
17.33395	EHI00898	DM01031
0.02869	EHI00079	DM00090
4.79871	EHI02139	DM03154
75.78079	EHI00247	DM00550
46.28143	EHI00550	DM02601
4.31817	EHI00234	DM02393
72.01201	EHI00076	DM02808
8.93298	EHI01125	DM02914
63.62181	EHI02080	DM03066
0.13763	EHI01025	DM01651
78.36506	EHI02097	DM03787
1.94763	EHI01635	DM01847
82.09583	EHI00389	DM00480
67.11229	EHI00569	DM00661
86.16672	EHI01454	DM01892
91.06346	EHI01318	DM01436
75.95892	EHI02033	DM03240
82.57679	EHI00169	DM02105
6.50931	EHI01186	DM01843
67.63326	EHI00692	DM01673
16.62019	EHI00010	DM00968
56.97134	EHI02086	DM03127
0.10974	EHI00173	DM02261
NA	NA	DM00377
0.76249	EHI00432	DM01606
43.86591	EHI00758	DM00624
50.69904	EHI00168	DM00967
2.83612	EHI01112	DM00876
23.26519	EHI01162	DM03524
0.18408	EHI00605	DM01633
78.85465	EHI01743	DM03330
82.06753	EHI02013	DM03186
49.88299	EHI02116	DM03022
90.12732	EHI00150	DM00541
48.83754	EHI00838	DM02695
87.48575	EHI01311	DM01303
52.53768	EHI00851	DM02467
84.07063	EHI01465	DM03197
80.12749	EHI00392	DM01974
64.53353	EHI01090	DM00860
79.55161	EHI00235	DM02482
76.46297	EHI00376	DM01271
27.21305	EHI00335	DM01226
43.86489	EHI00688	DM00175
73.27011	EHI02030	DM03316
45.92767	EHI01139	DM02858
77.36059	EHI00470	DM00688
92.55124	EHI00415	DM01212
85.95504	EHI00394	DM02018
76.43097	EHI01447	DM01812
53.72721	EHI01089	DM00904
7.85105	EHI00640	DM02353
19.04263	EHI02454	DM03416
16.56723	EHI00938	DM02400
49.12747	EHI02057	DM03044
78.34513	EHI00808	DM02416
NA	NA	DM00258
75.03871	EHI00113	DM00826
67.19097	EHI00524	DM00667
2.79543	EHI01635	DM02920
48.94046	EHI00361	DM00505
85.0895	EHI00276	DM02077
12.0911	EHI02425	DM03469
14.95896	EHI00449	DM02627
0.44122	EHI01103	DM02275
4.60091	EHI01188	DM02307
72.54258	EHI00032	DM00999
15.17381	EHI01702	DM02724
82.84305	EHI00100	DM02821
37.703360000000004	EHI00021	DM00927
NA	NA	DM00206
61.86689	EHI00114	DM00748
85.53539	EHI01459	DM01993
12.60268	EHI00148	DM01023
54.06998	EHI00079	DM00805
74.58218	EHI01584	DM01834
87.85579	EHI01218	DM01483
34.87946	EHI01661	DM02918
12.60268	EHI00148	DM00959
82.44838	EHI01520	DM02085
32.86834	EHI01828	DM02870
11.51538	EHI02104	DM02994
3.87622	EHI00658	DM02346
8.15701	EHI00251	DM02438
82.75964	EHI00392	DM03314
77.00116	EHI01482	DM01931
82.50239	EHI01516	DM03226
NA	NA	DM00211
NA	NA	DM00404
2.76071	EHI01088	DM00871
0.63624	EHI01094	DM01150
73.7179	EHI00219	DM03459
56.73908	EHI00831	DM02553
7.9e-4	EHI00053	DM02242
52.53768	EHI00851	DM02666
19.3041	EHI02085	DM02991
1.44937	EHI01128	DM02291
82.49244	EHI00925	DM00478
61.53711	EHI00178	DM00794
4.67499	EHI01650	DM02910
49.9754	EHI01175	DM00720
17.77509	EHI01224	DM00910
55.49015	EHI00970	DM03544
76.24323	EHI00528	DM00447
78.5036	EHI01500	DM02022
82.99044	EHI01059	DM01377
9.28082	EHI01660	DM02881
79.95039	EHI00383	DM01907
74.09879	EHI00158	DM01222
69.78058	EHI00837	DM02464
74.69838	EHI00289	DM00565
70.20945	EHI01234	DM03468
7.71729	EHI00010	DM00159
8.16746	EHI01588	DM01794
36.18432	EHI01277	DM02424
86.18334	EHI01293	DM01346
72.33021	EHI01979	DM02958
31.37406	EHI02041	DM03038
NA	NA	DM00412
50.33152	EHI00535	DM01258
48.53005	EHI01177	DM00725
10.56458	EHI00364	DM02408
0	EHI00045	DM02229
2.97955	EHI02696	DM03805
77.01027	EHI00381	DM00481
83.82842	EHI00088	DM02781
66.63272	EHI00725	DM01723
1.99571	EHI00515	DM01659
45.33462	EHI02062	DM03055
80.83151	EHI00685	DM01680
76.29903	EHI00852	DM02456
79.53299	EHI01482	DM03343
NA	NA	DM00357
82.15123	EHI01209	DM01752
80.76614	EHI00092	DM00787
73.25812	EHI01522	DM01896
69.15668	EHI01052	DM00971
57.84777	EHI00079	DM02835
NA	NA	DM00241
3.96265	EHI01446	DM03740
75.74766	EHI00681	DM00620
0.57357	EHI01151	DM00877
69.78058	EHI00837	DM02699
68.65756	EHI00332	DM01279
31.62608	EHI00614	DM02619
NA	NA	DM00375
20.91193	EHI01799	DM02916
0.03948	EHI00077	DM00089
59.56657	EHI00494	DM02708
83.23977	EHI01523	DM01940
50.70345	EHI00686	DM00193
71.50888	EHI00179	DM02837
8.60139	EHI00221	DM03498
6.27744	EHI00149	DM00143
52.96202	EHI01233	DM01859
80.62698	EHI00110	DM00755
60.80815	EHI01269	DM01471
59.72892	EHI01275	DM01507
1.33559	EHI02555	DM03571
90.55865	EHI01318	DM01296
87.00004	EHI01305	DM01345
12.33487	EHI01117	DM02302
63.39303	EHI00069	DM02764
54.31441	EHI01823	DM02900
3.66398	EHI01193	DM01861
0.64619	EHI01145	DM01199
69.70778	EHI00137	DM02799
73.4283	EHI02359	DM03425
58.72859	EHI00236	DM02338
94.35961	EHI00474	DM01565
62.49992	EHI00230	DM02558
5.55386	EHI00433	DM02852
0.10731	EHI01400	DM01735
89.38457	EHI01287	DM01428
70.38307	EHI00131	DM02801
78.65602	EHI00413	DM01926
56.1003	EHI00679	DM00629
82.31407	EHI01469	DM01936
67.49249	EHI00121	DM02780
2.91121	EHI01096	DM01195
67.33471	EHI00076	DM00791
79.28809	EHI01050	DM02503
25.85995	EHI02510	DM03391
0.0944	EHI00434	DM01646
2.45507	EHI01154	DM00858
NA	NA	DM00274
65.81132	EHI00114	DM02807
3.39109	EHI01003	DM01387
83.396960000000007	EHI01062	DM01362
47.81622	EHI00331	DM00548
NA	NA	DM00279
57.6501	EHI00526	DM02608
82.48653	EHI02596	DM03680
77.40614	EHI01567	DM01781
66.0271	EHI01996	DM03234
2.27982	EHI01639	DM02297
NA	NA	DM00245
4.58239	EHI02565	DM03584
41.86984	EHI00970	DM02179
55.43888	EHI01077	DM01357
NA	NA	DM00346
3.70528	EHI01221	DM02903
1.25512	EHI01121	DM02324
4.55955	EHI00020	DM00131
12.55078	EHI00750	DM02138
48.83754	EHI00838	DM02671
60.64951	EHI00070	DM00751
8.00903	EHI00026	DM00140
0.73688	EHI01141	DM02316
0	EHI00056	DM02253
49.89507	EHI00638	DM03614
79.55161	EHI00235	DM02470
80.66477	EHI00394	DM01082
56.53813	EHI01022	DM02212
57.20715	EHI00845	DM02465
80.58766	EHI02037	DM03222
63.49227	EHI00853	DM02165
13.22615	EHI00679	DM00188
77.51373	EHI01970	DM03800
52.53768	EHI00851	DM02563
62.14975	EHI00731	DM00599
0.10097	EHI01140	DM01126
1.3615	EHI00018	DM00948
0.10522	EHI00657	DM01582
NA	NA	DM00397
84.76613	EHI01279	DM03644
14.07739	EHI01654	DM02919
83.38511	EHI01494	DM03158
60.34396	EHI00170	DM00957
58.89175	EHI01233	DM02864
7.17207	EHI01127	DM00874
50.36682	EHI01178	DM00723
71.32751	EHI00700	DM00597
42.3386	EHI01696	DM02637
NA	NA	DM00218
48.46077	EHI02464	DM03401
44.14291	EHI00547	DM00681
74.01235	EHI02078	DM03358
72.88957	EHI01369	DM01730
76.26445	EHI00686	DM01668
85.82812	EHI01528	DM02100
48.83754	EHI00838	DM02472
85.88625	EHI01317	DM01433
71.95559	EHI02292	DM03278
2.69262	EHI00803	DM02529
0.32818	EHI00033	DM00130
82.23839	EHI01513	DM01997
2.6839	EHI01144	DM00897
78.59507	EHI00117	DM00774
84.50772	EHI01475	DM03179
36.00818	EHI01249	DM01514
54.65341	EHI00126	DM00828
81.03399	EHI02619	DM03785
2.66923	EHI01119	DM01144
23.14455	EHI00101	DM00821
81.96058	EHI00410	DM00511
1.30252	EHI01121	DM00862
54.0351	EHI01180	DM00736
3.37472	EHI01122	DM00861
2.67962	EHI00031	DM00148
50.93672	EHI00461	DM00563
67.96848	EHI00420	DM00462
42.70003	EHI00747	DM02131
51.70488	EHI01233	DM01123
71.09476	EHI00345	DM01583
83.26266	EHI01469	DM02063
0.03948	EHI00077	DM00013
32.35206	EHI00136	DM00030
53.18066	EHI00419	DM01239
81.43165	EHI00376	DM01980
80.19875	EHI00095	DM00750
32.26685	EHI00832	DM02483
83.88314	EHI01556	DM01999
63.09159	EHI02088	DM03139
1.11491	EHI01374	DM01728
51.94225	EHI00126	DM00822
40.40525	EHI02462	DM03375
59.38129	EHI00543	DM02602
1.26627	EHI01412	DM01734
83.74443	EHI01508	DM01941
61.96429	EHI01532	DM01777
0.49746	EHI01099	DM02295
60.44179	EHI00086	DM02820
65.04561	EHI00754	DM01705
15.66149	EHI01109	DM00840
90.36167	EHI01295	DM01435
68.25665	EHI01970	DM02953
0.11726	EHI00869	DM01627
21.64033	EHI01224	DM02942
6.47456	EHI00024	DM00142
NA	NA	DM00219
83.37585	EHI02012	DM03317
83.94968	EHI00387	DM03345
2.74052	EHI01215	DM03534
32.26685	EHI00832	DM02567
NA	NA	DM00304
NA	NA	DM00269
46.63994	EHI00560	DM02209
76.924	EHI00393	DM01237
78.81284	EHI00399	DM00588
69.59066	EHI01617	DM03717
14.88241	EHI02405	DM03393
67.28259	EHI02599	DM03762
NA	NA	DM00275
0.03948	EHI00077	DM00113
96.50877	EHI00407	DM00561
63.19525	EHI01389	DM01509
69.78058	EHI00837	DM02675
48.73173	EHI02095	DM03677
78.85584	EHI00688	DM01671
NA	NA	DM00415
69.78058	EHI00837	DM02548
83.37447	EHI02397	DM03627
84.62357	EHI01507	DM03174
74.59124	EHI01073	DM00981
23.67368	EHI00944	DM01654
3.62324	EHI01128	DM02886
0	EHI00001	DM00202
74.71521	EHI01999	DM03284
25.18073	EHI01701	DM02726
1.6157	EHI01187	DM02284
72.20076	EHI00218	DM02413
45.9506	EHI00547	DM02784
77.69862	EHI00507	DM02773
62.37071	EHI00690	DM01677
44.81872	EHI02552	DM03604
76.46297	EHI00376	DM00545
63.76686	EHI00403	DM00535
83.02063	EHI01477	DM02093
78.27305	EHI00481	DM02819
0.03948	EHI00077	DM00083
81.27788	EHI00850	DM02674
50.40714	EHI00471	DM02624
41.22192	EHI00559	DM02208
11.523	EHI00210	DM02435
75.35434	EHI01292	DM01423
59.87871	EHI01179	DM00739
49.9754	EHI01175	DM00696
34.96168	EHI00170	DM00120
79.74935	EHI00566	DM02818
0.01336	EHI02142	DM03002
85.48054	EHI01526	DM02088
54.04119	EHI01179	DM00729
43.2776	EHI02100	DM03069
36.86418	EHI00677	DM00180
19.52473	EHI02111	DM03078
57.20715	EHI00845	DM02549
74.96005	EHI01980	DM02965
71.07151	EHI00097	DM00758
66.82088	EHI00126	DM02746
3.13371	EHI00426	DM02844
70.41199	EHI01272	DM02582
65.00838	EHI02075	DM03096
44.44872	EHI01182	DM01132
88.46475	EHI01462	DM03281
67.43821	EHI02614	DM03743
3.19814	EHI02109	DM02992
73.48791	EHI00169	DM01286
0.00344	EHI00057	DM02262
37.08964	EHI00094	DM00019
77.54827	EHI01500	DM01880
32.62476	EHI02084	DM03013
56.90316	EHI00846	DM02449
50.60564	EHI01619	DM01826
30.4644	EHI00443	DM01596
0.02869	EHI00079	DM00112
0.5284	EHI01103	DM00911
81.45455	EHI00169	DM01971
0.09663	EHI00588	DM01637
NA	NA	DM00270
76.29903	EHI00852	DM02703
41.75894	EHI01600	DM02383
83.4711	EHI01557	DM03205
26.64378	EHI00683	DM00189
1.16757	EHI01136	DM00891
NA	NA	DM00395
53.99228	EHI00675	DM01688
0.76421	EHI01108	DM01157
37.57977	EHI00954	DM03423
6.92339	EHI01591	DM02330
80.43106	EHI01463	DM03172
0.02869	EHI00079	DM00100
NA	NA	DM00226
86.03191	EHI01312	DM01307
87.2071	EHI01303	DM01414
60.0839	EHI00098	DM00756
84.1036	EHI00408	DM02000
0.73431	EHI01149	DM00886
83.17385	EHI00400	DM01914
74.18457	EHI00426	DM00658
NA	NA	DM00302
12.56346	EHI02448	DM03362
77.07432	EHI01066	DM01371
22.13021	EHI00300	DM02441
74.823	EHI01407	DM01732
2.05724	EHI00264	DM02342
4.74224	EHI00458	DM02849
27.33462	EHI00475	DM00470
0.02869	EHI00079	DM00104
68.65756	EHI00332	DM00536
75.546	EHI02009	DM03210
1.34853	EHI01130	DM00902
69.39822	EHI02602	DM03809
NA	NA	DM00367
72.50614	EHI00368	DM01062
NA	NA	DM00393
84.40104	EHI01521	DM02064
83.85998	EHI01457	DM03351
41.74998	EHI02053	DM03040
3.3013	EHI01636	DM01852
11.36379	EHI01413	DM03645
NA	NA	DM00350
85.74631	EHI01300	DM01406
83.38511	EHI01494	DM02070
67.96848	EHI00420	DM01096
57.15176	EHI02067	DM03120
46.74625	EHI02096	DM03064
83.46362	EHI01480	DM02010
74.67266	EHI02421	DM03422
58.53776	EHI02302	DM03326
82.52589	EHI01474	DM01904
53.18066	EHI00419	DM00594
NA	NA	DM00394
3.83467	EHI01824	DM02874
70.9925	EHI02251	DM03620
67.23353	EHI00433	DM02787
0.47742	EHI01138	DM02317
84.92106	EHI01503	DM03266
56.33426	EHI00669	DM01706
81.11004	EHI01076	DM01107
62.39212	EHI02072	DM03029
62.41238	EHI01603	DM02381
10.88152	EHI00019	DM00146
0.03855	EHI00174	DM02250
65.30541	EHI02079	DM03137
61.53251	EHI00753	DM01697
69.41556	EHI02589	DM03747
31.09292	EHI01700	DM02633
81.42959	EHI01382	DM01316
NA	NA	DM00369
NA	NA	DM00234
47.82066	EHI00219	DM02334
52.53768	EHI00851	DM02575
70.27716	EHI01997	DM03213
82.95056	EHI00402	DM03348
2.51437	EHI01118	DM00848
84.71335	EHI01497	DM03341
78.42204	EHI01496	DM02110
64.14555	EHI01357	DM02372
80.31714	EHI01967	DM02960
23.48286	EHI00899	DM01566
45.51379	EHI01260	DM01518
NA	NA	DM00250
62.86134	EHI01259	DM02585
5.56256	EHI01161	DM03520
1.01353	EHI02439	DM03399
69.55589	EHI01746	DM03279
58.41287	EHI01276	DM02721
45.56175	EHI00271	DM02497
32.26685	EHI00832	DM02543
6.7148	EHI02416	DM03415
6.40466	EHI02567	DM03594
74.34584	EHI01376	DM01746
62.92002	EHI00124	DM00754
83.3344	EHI01468	DM02003
31.95486	EHI00168	DM00124
12.10541	EHI00042	DM00163
31.64177	EHI00379	DM02618
65.82755	EHI00490	DM00690
2.21658	EHI01163	DM03473
0.16805	EHI00012	DM00969
53.21933	EHI02357	DM03437
NA	NA	DM00348
70.53528	EHI01378	DM03607
55.55056	EHI00565	DM02711
47.68971	EHI01380	DM01480
17.95271	EHI01634	DM02276
65.55118	EHI02561	DM03582
75.36713	EHI02585	DM03795
85.28738	EHI00872	DM00482
80.5175	EHI01461	DM03286
79.02871	EHI00377	DM01956
NA	NA	DM00427
67.26821	EHI01387	DM02590
15.79926	EHI02117	DM03100
NA	NA	DM00355
43.93548	EHI01180	DM00735
22.46884	EHI00028	DM00150
NA	NA	DM00314
NA	NA	DM00321
75.29658	EHI00552	DM00562
81.83298	EHI02582	DM03796
65.80558	EHI00644	DM01033
7.15372	EHI01397	DM02183
32.88756	EHI02131	DM03090
52.53768	EHI00851	DM02678
87.05195	EHI01454	DM02017
74.41938	EHI01072	DM02512
59.86754	EHI02066	DM03083
60.76752	EHI02083	DM03028
42.28538	EHI01126	DM01143
1.50685	EHI01373	DM01736
55.01152	EHI02105	DM03114
64.16388	EHI00836	DM02160
12.70624	EHI01695	DM02630
83.08176	EHI01464	DM02016
73.21316	EHI01989	DM03781
74.6702	EHI02610	DM03693
42.08699	EHI02456	DM03374
75.36148	EHI00177	DM00784
83.04253	EHI01384	DM01290
92.03732	EHI02136	DM03124
78.19826	EHI00538	DM00655
NA	NA	DM00305
70.44178	EHI00091	DM00802
79.75458	EHI01376	DM03650
80.89008	EHI00365	DM03162
72.29629	EHI00751	DM00596
85.48054	EHI01526	DM03319
72.5746	EHI02260	DM03616
81.0656	EHI00116	DM00772
76.32653	EHI01082	DM01112
NA	NA	DM00284
66.60754	EHI00125	DM00773
58.34212	EHI01647	DM02895
81.98417	EHI02396	DM03633
52.53768	EHI00851	DM02654
42.1623	EHI00041	DM00141
51.70488	EHI01233	DM00857
56.90316	EHI00846	DM02672
43.80804	EHI01116	DM01209
NA	NA	DM00366
81.69013	EHI01080	DM01113
3.8354	EHI01101	DM00872
36.88756	EHI01196	DM01857
25.16489	EHI00036	DM00949
79.97588	EHI00510	DM00500
56.75432	EHI02119	DM03061
72.91389	EHI00161	DM01270
81.435	EHI01464	DM01957
85.91826	EHI01501	DM01921
92.63774	EHI00533	DM01281
7.12235	EHI01219	DM01147
70.93393	EHI00296	DM02412
82.88583	EHI01557	DM01944
71.42215	EHI02377	DM03450
2.37017	EHI01398	DM03638
76.25505	EHI01485	DM02066
73.75677	EHI01493	DM03277
4.43583	EHI02109	DM03690
0.14329	EHI00582	DM01553
84.70818	EHI00384	DM02407
62.70805	EHI00749	DM02134
59.8941	EHI02093	DM03008
78.34886	EHI00525	DM00694
75.58225	EHI00417	DM00531
25.57888	EHI00697	DM00172
12.78233	EHI01576	DM01795
72.55879	EHI00128	DM02825
72.77292	EHI02382	DM03456
3.39696	EHI01146	DM02880
NA	NA	DM00333
85.66946	EHI01460	DM01866
82.49843	EHI00399	DM03353
2.53599	EHI01624	DM01823
76.61372	EHI00476	DM01288
83.91436	EHI01315	DM01311
33.54106	EHI01105	DM00868
4.2807	EHI00044	DM00993
33.89062	EHI02475	DM03365
49.38282	EHI00532	DM02716
89.63803	EHI01298	DM01309
67.12957	EHI00435	DM00684
72.80498	EHI00144	DM00526
3.26584	EHI01187	DM02896
17.77509	EHI01224	DM01159
18.66854	EHI01087	DM01166
65.45845	EHI00070	DM02748
1.44108	EHI02698	DM03804
91.19529	EHI01328	DM01443
0.97626	EHI00148	DM00145
1.61536	EHI01191	DM01183
3.89039	EHI02551	DM03578
81.99149	EHI01473	DM01935
70.83736	EHI02255	DM03301
1.03306	EHI01133	DM00892
10.02341	EHI00313	DM01541
32.9026	EHI02409	DM03493
67.54065	EHI01605	DM02622
34.54611	EHI00693	DM00164
56.73908	EHI00831	DM02692
60.53627	EHI01270	DM01510
82.71814	EHI01728	DM03214
80.66215	EHI01290	DM01306
19.4224	EHI00284	DM02341
85.64053	EHI01495	DM01922
56.88921	EHI00892	DM02446
64.13691	EHI00343	DM01214
3.371	EHI00431	DM01522
76.15651	EHI01065	DM01115
65.7682	EHI00871	DM00576
79.55161	EHI00235	DM02458
90.18616	EHI01084	DM02410
78.69094	EHI02054	DM03033
81.20804	EHI00383	DM02069
0.29926	EHI01340	DM01498
10.93904	EHI01646	DM02939
1.88637	EHI00162	DM02254
83.40719	EHI02028	DM03243
0.03948	EHI00077	DM00087
48.59389	EHI00494	DM02153
77.0172	EHI02587	DM03794
NA	NA	DM00225
84.966	EHI01058	DM01368
NA	NA	DM00280
26.15727	EHI01110	DM02927
79.77161	EHI00072	DM02836
46.61213	EHI01174	DM00698
82.8741	EHI00414	DM03336
6.07706	EHI01638	DM02286
0.30361	EHI00192	DM01648
7.00362	EHI01660	DM01846
4.13866	EHI02349	DM03451
80.18695	EHI01346	DM03380
71.13043	EHI01524	DM02004
76.16308	EHI01431	DM02617
2.95418	EHI00073	DM02843
2.7564	EHI00799	DM02423
60.13405	EHI00801	DM02398
0.50938	EHI00629	DM01555
14.80059	EHI00730	DM00174
56.90316	EHI00846	DM02461
78.34592	EHI02628	DM03751
0.28936	EHI02590	DM03726
65.56351	EHI01258	DM02594
1.35824	EHI01643	DM02308
83.02858	EHI01467	DM03192
16.29793	EHI02643	DM03723
67.09591	EHI00242	DM00559
4.8578	EHI00141	DM02248
34.3228	EHI00537	DM00679
90.00188	EHI00371	DM01878
21.4444	EHI00024	DM00984
1.45422	EHI02533	DM03665
0.01941	EHI00444	DM02358
80.03719	EHI01217	DM03527
48.53005	EHI01177	DM00717
19.98617	EHI00553	DM00492
83.44589	EHI01325	DM01429
74.58083	EHI01055	DM01099
66.29983	EHI01559	DM01992
6.11945	EHI00422	DM02848
75.2407	EHI00298	DM01581
10.17863	EHI02544	DM03579
16.69879	EHI01637	DM02917
2.06612	EHI00090	DM00016
7.84883	EHI01413	DM01727
79.19001	EHI02625	DM03802
81.32167	EHI00391	DM01065
62.49992	EHI00230	DM02570
68.35879	EHI00701	DM01715
2.26012	EHI00157	DM02225
48.09834	EHI01586	DM01798
83.91934	EHI01316	DM01327
92.09686	EHI00412	DM00554
65.90561	EHI00892	DM03565
61.01099	EHI02097	DM03019
57.72134	EHI00366	DM01608
83.02703	EHI01358	DM02201
NA	NA	DM00292
29.62793	EHI00151	DM00933
0.02869	EHI00079	DM00088
83.72326	EHI00387	DM01979
3.35207	EHI02128	DM03702
24.78704	EHI00924	DM03542
NA	NA	DM00221
6.70904	EHI01156	DM03496
77.38965	EHI01060	DM00976
6.12651	EHI01104	DM02320
64.39317	EHI01064	DM01359
1.3525	EHI01098	DM00878
66.44351	EHI00746	DM02127
53.83024	EHI00516	DM01248
36.52094	EHI01483	DM03356
80.99085	EHI02613	DM03755
20.88902	EHI02440	DM03360
71.88303	EHI01248	DM02591
6.88393	EHI00214	DM03383
61.02696	EHI00987	DM03553
15.42956	EHI00698	DM00177
5.3644	EHI01208	DM03505
21.71368	EHI01206	DM01753
78.92803	EHI01056	DM02498
24.12153	EHI01370	DM03653
77.71888	EHI00387	DM00537
2.69262	EHI00803	DM02644
53.94313	EHI01184	DM01198
69.85336	EHI00903	DM00506
50.15272	EHI00087	DM00017
36.60166	EHI01550	DM03163
16.56723	EHI00938	DM02526
2.56757	EHI01115	DM00900
66.62201	EHI00678	DM00598
16.56723	EHI00938	DM02639
56.72399	EHI02123	DM03062
NA	EHI01380	DM01457
64.31429	EHI00433	DM00675
9.24436	EHI01638	DM02872
72.465	EHI00556	DM03552
91.50056	EHI01322	DM01432
1.98338	EHI01190	DM00920
84.56508	EHI00374	DM02021
70.2422	EHI00569	DM02794
24.77419	EHI02090	DM03092
82.09583	EHI00389	DM01072
32.49078	EHI01700	DM03603
72.66679	EHI00866	DM02370
76.25415	EHI02035	DM03308
43.52537	EHI01139	DM00839
86.08097	EHI01218	DM00745
11.77354	EHI02419	DM03466
81.6643	EHI02637	DM03700
82.20549	EHI01068	DM00982
13.30355	EHI00633	DM01621
70.49157	EHI01257	DM02579
22.69576	EHI00913	DM01556
10.03692	EHI02557	DM03590
76.44575	EHI02539	DM03598
1.50537	EHI02693	DM03808
58.98194	EHI00856	DM02653
66.76271	EHI01562	DM01790
20.67598	EHI02408	DM03392
0.02869	EHI00079	DM00092
90.0992	EHI00371	DM02065
88.0896	EHI01296	DM01294
32.67448	EHI00033	DM01027
4.73754	EHI01120	DM02894
77.58779	EHI02366	DM03432
84.08041	EHI00393	DM02011
40.56624	EHI02415	DM03408
71.83818	EHI00404	DM00553
NA	NA	DM00387
30.23353	EHI00935	DM01536
57.91836	EHI02101	DM03136
66.34882	EHI00702	DM01704
35.35316	EHI01223	DM02271
NA	NA	DM00278
43.30603	EHI01426	DM02263
81.71621	EHI02020	DM03225
46.61213	EHI01174	DM00714
67.41447	EHI01001	DM01063
70.6866	EHI01540	DM01784
85.1922	EHI00592	DM01047
53.03676	EHI02086	DM03021
80.48662	EHI00144	DM01994
84.74062	EHI01300	DM01328
27.74805	EHI00189	DM01568
80.70716	EHI00525	DM02754
64.5597	EHI00104	DM02767
39.73863	EHI01172	DM00708
83.02858	EHI01467	DM02024
0.10649	EHI00430	DM01572
NA	NA	DM00391
35.26829	EHI00478	DM00463
21.31901	EHI01087	DM02933
90.74638	EHI00623	DM00483
41.30449	EHI01348	DM02374
44.26167	EHI00745	DM02122
82.26719	EHI01499	DM01977
57.95243	EHI00544	DM02597
80.0435	EHI00120	DM00767
90.51762	EHI01322	DM01341
81.4383	EHI00414	DM01943
70.40346	EHI00368	DM01894
57.75519	EHI00244	DM02126
71.44585	EHI00377	DM00520
5.09064	EHI01097	DM02867
13.51327	EHI00848	DM02193
55.2185	EHI00105	DM00819
59.64809	EHI02230	DM03548
46.61213	EHI01174	DM00706
37.68132	EHI00258	DM02332
74.7753	EHI02622	DM03676
23.05289	EHI01424	DM02387
63.79063	EHI01387	DM01490
39.7829	EHI00436	DM00503
50.36682	EHI01178	DM00699
82.14004	EHI00416	DM03193
86.57814	EHI01284	DM01427
59.60542	EHI01228	DM01763
82.51066	EHI01521	DM01886
64.38622	EHI01631	DM01814
3.64172	EHI02429	DM03533
85.28738	EHI00872	DM01029
45.96191	EHI01641	DM02905
78.88233	EHI00382	DM01937
0.09399	EHI00429	DM01639
49.65782	EHI01585	DM01804
0	EHI00066	DM02251
87.40057	EHI01504	DM02058
0.13786	EHI00937	DM01559
2.31564	EHI01132	DM01207
78.76723	EHI01306	DM01310
NA	NA	DM00220
NA	NA	DM00432
80.45463	EHI02361	DM03442
56.73908	EHI00831	DM02457
56.81363	EHI00025	DM00962
2.66923	EHI01119	DM00906
89.6709	EHI01313	DM01317
64.74969	EHI01617	DM01835
67.20683	EHI02120	DM03007
50.78496	EHI00369	DM02629
0.82454	EHI01102	DM01172
20.10627	EHI00370	DM02336
53.84082	EHI02291	DM03294
93.68752	EHI00349	DM00543
12.11803	EHI02432	DM03528
72.16992	EHI00741	DM02139
NA	NA	DM00443
4.2807	EHI00044	DM00953
15.94308	EHI00007	DM00938
75.1866	EHI00118	DM00779
69.84773	EHI00111	DM00781
0.22651	EHI01090	DM01388
33.25275	EHI00580	DM01662
49.58296	EHI02105	DM03018
70.6301	EHI00719	DM02144
NA	NA	DM00368
0.035	EHI00590	DM01597
7.3484	EHI00097	DM02851
97.98232	EHI00397	DM01537
43.12561	EHI00508	DM01232
58.23885	EHI00228	DM02119
70.65962	EHI02580	DM03756
69.74546	EHI00494	DM03622
56.4573	EHI02066	DM03060
83.15126	EHI01047	DM01380
47.03354	EHI01645	DM02876
19.80273	EHI00009	DM00961
81.55297	EHI00680	DM00616
41.45709	EHI00752	DM01681
64.82462	EHI00328	DM00490
74.47271	EHI00398	DM00546
71.13043	EHI01524	DM03180
66.52379	EHI00726	DM01708
1.60635	EHI02138	DM03132
20.52013	EHI02393	DM03637
19.64062	EHI00026	DM00943
64.82462	EHI00328	DM01090
68.33234	EHI01627	DM01810
85.951	EHI00410	DM02007
57.60275	EHI00119	DM00812
80.48662	EHI00144	DM03233
67.74485	EHI01231	DM01757
83.30791	EHI01491	DM03261
70.71975	EHI00427	DM00453
85.3666	EHI01527	DM02098
83.46729	EHI01453	DM03207
65.33638	EHI00939	DM01262
60.22325	EHI02392	DM03651
7.36186	EHI02422	DM03486
35.74495	EHI00027	DM00161
73.77344	EHI01534	DM01775
68.53651	EHI01343	DM02520
0.07021	EHI00447	DM01532
72.04776	EHI00564	DM01233
47.07602	EHI00493	DM02740
72.19804	EHI02362	DM03439
51.39201	EHI02249	DM03608
2.38897	EHI01797	DM02879
42.62214	EHI00744	DM01707
0.98563	EHI01655	DM02296
78.58471	EHI02576	DM03696
5.62417	EHI00260	DM02432
64.17837	EHI00467	DM00685
0.70528	EHI01092	DM01155
56.1003	EHI00679	DM01676
50.54408	EHI01408	DM01484
74.50054	EHI00507	DM00693
16.50118	EHI02451	DM03373
77.83387	EHI01059	DM01101
NA	NA	DM00410
86.41768	EHI01458	DM02026
0.05898	EHI00468	DM02365
4.43845	EHI01789	DM02898
52.21326	EHI01166	DM03474
55.06585	EHI00320	DM00519
0.47647	EHI01192	DM01202
75.78911	EHI00380	DM00570
3.12715	EHI02420	DM03481
84.33096	EHI00385	DM02038
NA	NA	DM00437
70.21488	EHI00420	DM03176
0.11364	EHI00576	DM01567
83.28436	EHI02577	DM03738
79.46768	EHI01385	DM01412
33.57574	EHI00584	DM01046
3.24308	EHI00154	DM02257
0.11519	EHI00611	DM01523
65.46529	EHI01995	DM02956
5.61011	EHI00177	DM02847
49.12849	EHI00565	DM02155
55.5347	EHI01619	DM03707
63.84455	EHI02047	DM03047
44.92253	EHI01641	DM01858
NA	NA	DM00286
73.82309	EHI00441	DM02778
87.45814	EHI01486	DM02002
85.20318	EHI01297	DM01336
42.59475	EHI01261	DM01519
2.69262	EHI00803	DM02403
15.921	EHI00042	DM00934
84.01452	EHI01317	DM01338
33.39545	EHI00200	DM02515
60.31432	EHI01276	DM03547
33.85812	EHI00570	DM01529
5.73787	EHI01436	DM01830
3.42524	EHI01111	DM00918
51.46809	EHI02233	DM03628
67.89164	EHI02632	DM03779
69.16299	EHI00309	DM01211
6.59068	EHI00023	DM01018
75.83647	EHI00529	DM00659
2.89795	EHI00637	DM01656
36.52094	EHI01483	DM02061
86.87084	EHI01553	DM02056
77.56661	EHI00113	DM00775
82.97443	EHI02036	DM03250
81.27788	EHI00850	DM02559
84.23073	EHI01508	DM02109
NA	EHI01368	DM01455
71.35135	EHI02363	DM03428
NA	NA	DM00306
62.49992	EHI00230	DM02462
81.27788	EHI00850	DM02535
44.30099	EHI00106	DM00806
88.60089	EHI01173	DM00922
89.06654	EHI01327	DM01305
2.61705	EHI01142	DM01138
70.27774	EHI00672	DM01716
1.27869	EHI00316	DM02360
61.6295	EHI00204	DM03368
55.72868	EHI00930	DM01526
79.30354	EHI01450	DM03725
68.51049	EHI00128	DM00793
85.29968	EHI00262	DM01215
67.34366	EHI00556	DM02207
73.15867	EHI00088	DM00829
2.65926	EHI01155	DM01137
81.33705	EHI02008	DM03166
84.53109	EHI01484	DM01902
48.83754	EHI00838	DM02659
57.20715	EHI00845	DM02700
85.38567	EHI01283	DM01313
77.86537	EHI00496	DM02796
84.41737	EHI01280	DM01298
9.81268	EHI02457	DM03412
8.08279	EHI01411	DM01724
62.20554	EHI00568	DM00652
4.97671	EHI01636	DM02893
79.97683	EHI00382	DM03339
NA	NA	DM00418
88.53024	EHI01311	DM01422
8.57187	EHI01411	DM03646
1.88033	EHI00356	DM01578
43.93548	EHI01180	DM00727
15.18883	EHI02646	DM03688
70.89829	EHI00721	DM02145
80.66477	EHI00394	DM00472
40.82404	EHI00499	DM02769
0.95119	EHI01282	DM01383
53.8786	EHI00560	DM03540
2.47002	EHI00071	DM00021
71.21327	EHI00703	DM01712
73.88697	EHI01369	DM03625
86.51147	EHI01304	DM01449
83.46362	EHI01480	DM03182
73.65795	EHI02120	DM03097
68.32945	EHI00512	DM02741
51.38959	EHI02414	DM03536
84.52813	EHI00389	DM03290
0.73431	EHI01149	DM01136
14.4294	EHI00185	DM01576
NA	NA	DM00385
73.88089	EHI02601	DM03672
0.00704	EHI02125	DM02989
78.56819	EHI00383	DM01048
2.93738	EHI00182	DM02736
75.58225	EHI00417	DM01266
7.07712	EHI02052	DM03041
2.13564	EHI01568	DM03667
83.05231	EHI01556	DM01945
21.07436	EHI01212	DM03502
84.67003	EHI00406	DM03253
77.31375	EHI00408	DM00544
58.75026	EHI00361	DM03173
NA	NA	DM00441
66.2817	EHI02022	DM03238
0.00175	EHI02121	DM02985
69.6358	EHI01443	DM01841
86.08291	EHI01315	DM01407
79.97588	EHI00510	DM01050
43.82637	EHI01696	DM03568
58.03592	EHI00995	DM02444
72.91282	EHI01538	DM01791
83.98254	EHI01474	DM02043
84.37008	EHI01459	DM01961
68.9459	EHI01976	DM02984
2.33682	EHI01406	DM01745
77.31188	EHI01439	DM03760
0	EHI00064	DM02232
84.91433	EHI00400	DM02078
NA	NA	DM00433
82.31077	EHI00406	DM01960
NA	NA	DM00379
81.23471	EHI02365	DM03455
0.03948	EHI00077	DM00115
56.73908	EHI00831	DM02704
2.69262	EHI00803	DM02706
65.0494	EHI01361	DM02717
2.34052	EHI01097	DM01162
23.44463	EHI02090	DM03014
57.1957	EHI00542	DM01569
NA	NA	DM00398
46.84374	EHI01342	DM02584
21.43626	EHI00690	DM00192
3.44904	EHI02121	DM03146
68.4082	EHI00075	DM00765
0.08582	EHI00012	DM00122
22.18253	EHI02104	DM03678
81.18215	EHI02356	DM03438
57.20715	EHI00845	DM02664
78.47342	EHI02630	DM03778
72.11279	EHI00666	DM01717
74.61427	EHI00484	DM00674
83.04151	EHI01515	DM01882
53.26106	EHI02089	DM03098
86.27476	EHI01383	DM01314
NA	NA	DM00423
57.44487	EHI01175	DM00737
73.08269	EHI01439	DM01825
66.38845	EHI00696	DM00632
1.84889	EHI00797	DM02169
3.18289	EHI01489	DM01793
72.55743	EHI00416	DM00572
76.27293	EHI01610	DM03714
0	EHI00051	DM02247
78.77941	EHI00484	DM02739
NA	NA	DM00224
76.23669	EHI00085	DM02765
74.93579	EHI01066	DM00972
58.03853	EHI00682	DM00621
78.21934	EHI01445	DM01824
36.14274	EHI00337	DM02440
73.17907	EHI00129	DM00796
11.63694	EHI01402	DM01482
70.26477	EHI01266	DM01503
1.3615	EHI00018	DM00992
2.66016	EHI01134	DM00845
11.6772	EHI00006	DM00960
0.84031	EHI01129	DM01194
62.56813	EHI02091	DM03143
77.21669	EHI00375	DM03269
79.13846	EHI02065	DM03792
52.37871	EHI00401	DM02614
84.52462	EHI01525	DM02031
45.43692	EHI00457	DM01256
53.12587	EHI02467	DM03417
81.27788	EHI00850	DM02662
65.8489	EHI00684	DM00603
82.39338	EHI01468	DM01950
0.82539	EHI01141	DM01119
15.19625	EHI00008	DM00157
65.70659	EHI01253	DM02587
4.4972	EHI01356	DM02425
82.61795	EHI01517	DM02030
74.06155	EHI01612	DM03684
72.49522	EHI00454	DM01035
49.9754	EHI01175	DM00712
67.15955	EHI01400	DM03631
30.66708	EHI00013	DM00963
57.49947	EHI00689	DM00199
0.04906	EHI00015	DM00147
83.02406	EHI00398	DM02083
0.14384	EHI00603	DM01632
62.98678	EHI00130	DM00797
73.9435	EHI00302	DM00524
76.75014	EHI00504	DM00664
77.27339	EHI01385	DM01312
3.60354	EHI01124	DM01205
77.28465	EHI00428	DM02800
74.0589	EHI00600	DM01054
73.74786	EHI00667	DM01720
0.02869	EHI00079	DM00012
66.5895	EHI00782	DM03555
72.86189	EHI01083	DM01118
79.99447	EHI00327	DM01093
2.51437	EHI01118	DM01174
7.69022	EHI02108	DM03145
72.20989	EHI00527	DM00669
0.48988	EHI01150	DM00917
58.98194	EHI00856	DM02574
68.02397	EHI01272	DM01506
37.703360000000004	EHI00021	DM00987
44.66219	EHI00390	DM02620
31.05451	EHI00225	DM02394
21.73425	EHI00692	DM00167
6.7175	EHI01657	DM02945
35.02891	EHI00577	DM01664
0.09701	EHI00469	DM01615
88.99721	EHI00269	DM02392
86.65885	EHI00456	DM02776
14.40575	EHI02133	DM03121
62.28921	EHI01982	DM03780
0	EHI00058	DM02231
81.24967	EHI01516	DM01890
64.00454	EHI00167	DM01231
59.01419	EHI02068	DM03065
2.47208	EHI01239	DM01773
28.27072	EHI01701	DM03596
89.35031	EHI01301	DM01323
23.55521	EHI02600	DM03709
85.59487	EHI00405	DM01998
NA	NA	DM00295
5.6513	EHI00040	DM00144
82.57874	EHI00404	DM01989
84.52462	EHI01525	DM03258
39.2459	EHI02503	DM03387
NA	NA	DM00301
67.77753	EHI02573	DM03741
38.32967	EHI02111	DM03615
63.94824	EHI00098	DM02811
82.31576	EHI01085	DM01364
NA	NA	DM00228
22.93141	EHI00924	DM02719
17.58329	EHI02048	DM03039
61.92247	EHI01275	DM02583
7.73933	EHI02142	DM03150
86.9549	EHI02348	DM03446
86.40754	EHI01501	DM03183
70.77619	EHI00117	DM00823
0.52275	EHI01114	DM02287
16.56723	EHI00938	DM02530
79.55161	EHI00235	DM02657
20.20967	EHI02547	DM03569
82.95056	EHI00402	DM02028
72.96717	EHI01448	DM01833
57.55505	EHI01177	DM00742
70.61754	EHI00897	DM01069
35.58467	EHI01795	DM02934
76.58855	EHI00418	DM01052
51.46048	EHI01425	DM02266
43.86591	EHI00758	DM01687
56.73908	EHI00831	DM02565
0.62736	EHI01114	DM01175
74.239	EHI00382	DM00593
19.98617	EHI00553	DM01036
61.53251	EHI00753	DM00619
3.58783	EHI02417	DM03397
30.89199	EHI01027	DM01528
76.21317	EHI00426	DM02789
3.05517	EHI01120	DM00832
20.53363	EHI01152	DM02314
0.03948	EHI00077	DM00095
0.02869	EHI00079	DM00082
40.424	EHI00019	DM00951
64.53353	EHI01090	DM01189
34.83218	EHI00102	DM02750
36.56347	EHI01277	DM03406
NA	NA	DM00332
5.12936	EHI00348	DM01594
63.68091	EHI01064	DM00975
78.18794	EHI00413	DM00477
15.66149	EHI01109	DM01134
65.28982	EHI00107	DM02733
81.27788	EHI00850	DM02487
84.29041	EHI00438	DM02751
NA	NA	DM00335
65.80558	EHI00644	DM00454
7.12653	EHI00123	DM00031
73.29268	EHI01541	DM01779
49.84287	EHI00115	DM00752
NA	EHI01377	DM01458
71.83936	EHI00075	DM02828
70.24012	EHI02269	DM03541
53.36973	EHI00798	DM02422
48.83754	EHI00838	DM02532
52.53768	EHI00851	DM02479
16.56723	EHI00938	DM02528
87.68287	EHI00625	DM01539
80.96093	EHI00161	DM01976
86.53453	EHI01495	DM03177
66.78511	EHI00488	DM02839
0.02869	EHI00079	DM00098
69.01713	EHI01616	DM03739
83.79624	EHI02001	DM03264
13.14119	EHI00183	DM01551
32.26685	EHI00832	DM02682
57.86071	EHI00287	DM02129
85.7366	EHI01504	DM01911
84.3255	EHI01503	DM01972
14.47544	EHI02540	DM03583
35.88217	EHI00367	DM01876
22.44714	EHI01788	DM02878
19.71859	EHI00732	DM00168
28.46313	EHI00638	DM02219
0.12703	EHI00620	DM01644
84.22123	EHI01505	DM02052
0.17301	EHI00220	DM03463
51.79616	EHI01597	DM02610
73.33881	EHI01493	DM01888
74.33227	EHI00733	DM01679
85.59487	EHI00405	DM03304
74.43793	EHI00693	DM00623
69.68417	EHI00338	DM01092
49.27351	EHI01182	DM02888
49.99107	EHI01176	DM00734
69.74404	EHI01268	DM01496
78.05262	EHI01535	DM01799
78.82289	EHI00529	DM02734
59.49182	EHI02056	DM03036
64.13907	EHI00840	DM02161
6.55528	EHI01658	DM02948
22.73953	EHI00682	DM00171
76.40337	EHI00566	DM00686
36.22391	EHI01483	DM01913
0.62666	EHI01100	DM00842
29.38309	EHI00008	DM00950
84.05531	EHI01529	DM01975
0.50178	EHI01153	DM02270
53.72617	EHI01492	DM01912
84.7737	EHI01502	DM02108
27.95336	EHI00186	DM01573
82.54234	EHI00400	DM01091
7.6351	EHI02395	DM03619
67.16277	EHI00179	DM00777
57.20715	EHI00845	DM02652
81.27788	EHI00850	DM02475
NA	NA	DM00361
NA	NA	DM00408
NA	EHI01402	DM01459
12.13221	EHI00804	DM01634
83.26266	EHI01469	DM03159
56.90316	EHI00846	DM02533
42.55335	EHI00800	DM02415
NA	NA	DM00309
22.73853	EHI00330	DM00571
55.93114	EHI00646	DM01643
24.69552	EHI01537	DM01770
84.33096	EHI00385	DM03289
82.29517	EHI01061	DM01376
83.10847	EHI01471	DM01970
79.705	EHI01440	DM01817
52.57663	EHI00115	DM02830
87.57911	EHI01310	DM01431
74.48055	EHI01438	DM03750
93.55219	EHI00388	DM01289
0.00375	EHI02483	DM03420
47.91331	EHI00509	DM01283
60.95297	EHI01363	DM01486
82.75964	EHI00392	DM02082
3.61653	EHI01197	DM03522
45.86416	EHI02104	DM03135
74.29479	EHI00089	DM00788
86.41768	EHI01458	DM03191
68.64127	EHI01981	DM02976
53.85274	EHI00704	DM02121
69.21845	EHI00524	DM02744
NA	NA	DM00436
31.03348	EHI01276	DM02171
55.33094	EHI01070	DM02182
0.03948	EHI00077	DM00097
34.53911	EHI00810	DM02388
65.26905	EHI00131	DM00768
0.48988	EHI01150	DM01125
63.97022	EHI00716	DM02132
1.6002	EHI01128	DM01158
53.69617	EHI02063	DM03052
5.52003	EHI01193	DM02949
71.35062	EHI02391	DM03458
52.38757	EHI02568	DM03573
23.56593	EHI01245	DM01771
78.61719	EHI00291	DM01605
55.72984	EHI01628	DM01807
56.90316	EHI00846	DM02557
73.49917	EHI01485	DM01873
64.33723	EHI01273	DM02593
61.77937	EHI00757	DM01667
71.01213	EHI01229	DM03521
74.71021	EHI00074	DM02817
21.26979	EHI01634	DM02887
43.93548	EHI01180	DM00703
81.28637	EHI00689	DM00618
69.01064	EHI00498	DM01088
17.33395	EHI00898	DM00497
83.17651	EHI01497	DM01951
1.71323	EHI00044	DM00155
2.56757	EHI01115	DM01197
84.18205	EHI01523	DM03168
58.98194	EHI00856	DM02689
45.74568	EHI02043	DM03048
0.03948	EHI00077	DM00107
42.91129	EHI00967	DM02375
30.44966	EHI02045	DM03051
9.93508	EHI02125	DM03079
NA	NA	DM00338
1.50229	EHI00163	DM02221
71.44584	EHI00377	DM01251
84.83093	EHI01456	DM02050
NA	NA	DM00396
18.73264	EHI01370	DM01740
49.99107	EHI01176	DM00726
66.5124	EHI00546	DM01229
48.83754	EHI00838	DM02647
42.53224	EHI00395	DM02611
78.05661	EHI01409	DM01475
55.94664	EHI02113	DM03059
57.20715	EHI00845	DM02489
60.39794	EHI02091	DM03031
34.43709	EHI01157	DM03476
57.20715	EHI00845	DM02676
79.8132	EHI00205	DM02411
90.73226	EHI01329	DM01444
80.99389	EHI02026	DM03262
58.54795	EHI00896	DM01235
85.63082	EHI00418	DM02009
0.03713	EHI00439	DM01647
65.71221	EHI00465	DM02805
67.8802	EHI01596	DM02265
0.02869	EHI00079	DM00096
21.36805	EHI02642	DM03679
4.11424	EHI01787	DM02938
16.71365	EHI01224	DM02319
3.23323	EHI00017	DM01007
32.26685	EHI00832	DM02670
73.85744	EHI02025	DM03170
1.77222	EHI00833	DM02164
60.97003	EHI00697	DM00610
51.80979	EHI00530	DM00460
22.10567	EHI00485	DM01628
22.93141	EHI00924	DM02210
1.67114	EHI01189	DM01850
69.97123	EHI02101	DM03559
82.68229	EHI00391	DM01893
68.65839	EHI02116	DM03561
89.4639	EHI01282	DM01442
38.0975	EHI02140	DM03093
75.0556	EHI01985	DM03799
55.15701	EHI02070	DM03153
75.02047	EHI01407	DM03654
71.1205	EHI01524	DM01869
92.49231	EHI00996	DM00514
67.38794	EHI02110	DM03564
46.63994	EHI00560	DM02715
82.08888	EHI01751	DM03206
0.03948	EHI00077	DM00081
4.64795	EHI01098	DM02873
78.46579	EHI00416	DM01982
66.12983	EHI00453	DM00446
79.53299	EHI01482	DM02075
66.05204	EHI01977	DM02969
44.61334	EHI00606	DM01221
NA	NA	DM00207
60.86044	EHI02081	DM03147
89.28482	EHI01321	DM01400
47.40842	EHI02098	DM03073
70.00635	EHI00737	DM02136
0.09134	EHI00424	DM01533
NA	NA	DM02113
8.77062	EHI01583	DM02326
NA	NA	DM00246
NA	NA	DM00229
2.77074	EHI00006	DM00135
16.56723	EHI00938	DM02641
0.13734	EHI00595	DM01534
76.29903	EHI00852	DM02564
64.13691	EHI00343	DM00551
NA	NA	DM00311
71.45612	EHI00119	DM00766
78.06894	EHI00473	DM02788
66.20325	EHI00561	DM03610
87.45814	EHI01486	DM03219
NA	NA	DM00281
2.07169	EHI01198	DM03501
79.08843	EHI00399	DM01986
73.92123	EHI01472	DM01900
88.32023	EHI01478	DM02029
45.61313	EHI00126	DM00813
NA	NA	DM00429
80.26727	EHI02592	DM03791
4.56471	EHI02115	DM03692
6.33119	EHI01104	DM00921
58.36096	EHI01174	DM00740
NA	NA	DM00363
80.10989	EHI01047	DM02502
11.36032	EHI00612	DM00499
6.93469	EHI01125	DM00907
74.93579	EHI01066	DM02499
1.16248	EHI00591	DM01580
84.49775	EHI01525	DM01923
12.83863	EHI00043	DM01026
53.77685	EHI01492	DM03200
70.0989	EHI00122	DM00785
75.61935	EHI02007	DM03171
17.16	EHI00011	DM00158
61.52337	EHI02058	DM03035
85.26236	EHI01470	DM02001
77.01027	EHI00381	DM01037
81.90071	EHI02014	DM03245
70.12069	EHI00723	DM02149
81.80776	EHI01477	DM01964
62.68578	EHI01259	DM01495
28.81663	EHI00624	DM01521
0.00223	EHI00285	DM02442
52.72235	EHI02497	DM03376
80.05723	EHI02390	DM03453
69.06896	EHI00699	DM01695
78.93332	EHI00545	DM01097
81.06531	EHI01517	DM01908
92.44631	EHI01498	DM02008
81.11355	EHI00374	DM00464
57.20715	EHI00845	DM02561
62.45465	EHI00683	DM00601
65.86328	EHI00622	DM01592
72.1227	EHI01975	DM02964
0.6766	EHI01220	DM02281
NA	NA	DM00424
85.951	EHI00410	DM03346
85.15913	EHI01291	DM01308
77.77441	EHI00176	DM02743
2.83612	EHI01112	DM01190
3.03589	EHI01624	DM03704
78.81286	EHI00399	DM01269
78.91264	EHI01055	DM01372
20.96712	EHI02627	DM03736
69.78058	EHI00837	DM02572
0.02869	EHI00079	DM00110
54.43118	EHI02127	DM03076
67.80983	EHI00554	DM01282
85.07257	EHI00391	DM03324
1.08016	EHI01401	DM03659
61.92985	EHI02065	DM03020
0.14407	EHI00621	DM01530
48.83754	EHI00838	DM02568
NA	NA	DM00381
37.27867	EHI00032	DM00152
32.03439	EHI01007	DM01603
73.0435	EHI01613	DM01822
0.59862	EHI01138	DM01121
0.02869	EHI00079	DM00108
79.24871	EHI02639	DM03772
92.68342	EHI01286	DM01396
13.6786	EHI02572	DM03732
4.7269	EHI01107	DM01139
71.8957	EHI01364	DM03634
31.84475	EHI00350	DM00583
72.72496	EHI01518	DM01870
53.94313	EHI01184	DM00887
80.27046	EHI00224	DM02192
NA	NA	DM00345
54.04119	EHI01179	DM00713
81.50589	EHI00381	DM02090
80.77222	EHI02633	DM03770
0	EHI00068	DM02260
37.01085	EHI02095	DM03107
2.0418	EHI01371	DM02114
76.29903	EHI00852	DM02480
10.64469	EHI02449	DM03403
78.30802	EHI00129	DM02763
65.76821	EHI00871	DM01210
70.86567	EHI02370	DM03462
79.71115	EHI01510	DM03255
79.55161	EHI00235	DM02494
0.31947	EHI01340	DM02595
58.98194	EHI00856	DM02701
80.27046	EHI00224	DM02166
70.66573	EHI02615	DM03801
75.78529	EHI00527	DM02745
0.14584	EHI00793	DM02420
2.40223	EHI02554	DM03574
70.21715	EHI01437	DM01831
59.97794	EHI01404	DM01733
4.0255	EHI01121	DM02943
1.30252	EHI01121	DM01182
21.99307	EHI01379	DM01726
46.98078	EHI02096	DM03313
70.21488	EHI00420	DM02042
46.06741	EHI00489	DM00533
3.32751	EHI01095	DM02865
23.46972	EHI00322	DM02418
56.5312	EHI01053	DM02409
11.00257	EHI00176	DM02853
70.48039	EHI01530	DM01887
0.16016	EHI00425	DM01550
0.03948	EHI00077	DM00093
81.43401	EHI00231	DM03241
51.88287	EHI01022	DM02175
6.01197	EHI01186	DM01185
79.55161	EHI00235	DM02578
56.90316	EHI00846	DM02485
77.31376	EHI00408	DM01234
62.49992	EHI00230	DM02534
83.73876	EHI02021	DM03199
4.70561	EHI01188	DM01151
81.14259	EHI00404	DM01953
32.07031	EHI01205	DM03488
NA	NA	DM00392
76.29903	EHI00852	DM02679
54.75376	EHI02641	DM03742
63.133540000000004	EHI02638	DM03767
74.59061	EHI01254	DM02592
56.73908	EHI00831	DM02481
36.9434	EHI01021	DM01577
62.84755	EHI02093	DM03091
79.30635	EHI01082	DM01348
32.00038	EHI01611	DM01802
83.63364	EHI00417	DM02097
65.57723	EHI00134	DM02757
56.1247	EHI02110	DM03138
1.16757	EHI01136	DM01169
52.69792	EHI00539	DM01041
18.65447	EHI01159	DM03478
77.84666	EHI01742	DM03342
92.09686	EHI00412	DM01287
35.46642	EHI00336	DM00560
78.42204	EHI01496	DM03298
15.31035	EHI00492	DM00461
39.61617	EHI01564	DM01800
88.32023	EHI01478	DM03187
83.41184	EHI00405	DM01868
45.96976	EHI00532	DM02173
32.26685	EHI00832	DM02471
80.24275	EHI00536	DM00671
49.69915	EHI01172	DM00743
2.27545	EHI01148	DM02282
73.30013	EHI00073	DM02810
84.50772	EHI01475	DM02048
75.27155	EHI01971	DM02979
76.61816	EHI00986	DM01060
62.49992	EHI00230	DM02661
73.94348	EHI01969	DM02975
75.20757	EHI01623	DM01815
NA	NA	DM00298
13.3247	EHI00256	DM02434
84.07597	EHI01507	DM01965
